"References","Value","Footprint","Quantity","DNP","Manufacturer","MPN","LCSC"
"C1,C5,C9","10nF","Capacitor_SMD:C_0402_1005Metric","3","","TDK","C1005X7S2A103K050BB",""
"C2,C6,C10","1uF","Capacitor_SMD:C_1206_3216Metric","3","","TDK","C3216X7R2A105K160AA",""
"C3,C7,C11","4.7uF","Capacitor_SMD:C_1210_3225Metric","3","","TDK","C3225X7S2A475K200AB",""
"C4,C8,C12","220nF","Capacitor_SMD:C_0603_1608Metric","3","","TDK","C1608X7R1H224K080AB",""
"C101-C103,C110-C124,C127-C141,C144-C158","10uF","Capacitor_SMD:C_1210_3225Metric","48","","Samsung Electro-Mechanics","CL32Y106KCVZNWE","C3840810"
"C104","4.7uF 100V X7R","Capacitor_SMD:C_1210_3225Metric","1","","","",""
"C105","100nF 100V X7R","Capacitor_SMD:C_0402_1005Metric","1","","","",""
"C106","10nF 100V C0G","Capacitor_SMD:C_0402_1005Metric","1","","","",""
"C107","RC DAMP C - TUNE","Capacitor_SMD:C_2220_5750Metric","1","DNP","","",""
"C108,C314,C711-C713","10nF","Capacitor_SMD:C_0402_1005Metric","5","","","",""
"C125,C126,C142,C143,C159,C160","10uF DNP","Capacitor_SMD:C_1210_3225Metric","6","DNP","Samsung Electro-Mechanics","CL32Y106KCVZNWE","C3840810"
"C201","2.2uF 100V X7R","Capacitor_SMD:C_1210_3225Metric","1","","","",""
"C202","220nF 100V X7R","Capacitor_SMD:C_0805_2012Metric","1","","","",""
"C203,C209,C211,C301,C303,C305,C307,C310,C601,C603,C605,C701,C702,C801,C902,C904","100nF","Capacitor_SMD:C_0402_1005Metric","16","","","",""
"C204,C304,C306,C602,C802","1uF","Capacitor_SMD:C_0603_1608Metric","5","","","",""
"C205,C206,C214,C215","22uF 25V X7R","Capacitor_SMD:C_1210_3225Metric","4","","TDK","C3225X7R1E226M250AB",""
"C207","4.7nF 2kV","Capacitor_SMD:C_1206_3216Metric","1","DNP","","",""
"C208","1uF 10V","Capacitor_SMD:C_0603_1608Metric","1","","","",""
"C210","22uF 10V X7R","Capacitor_SMD:C_1210_3225Metric","1","","","",""
"C212,C213","2.2uF 10V X7R","Capacitor_SMD:C_0603_1608Metric","2","","","",""
"C218,C219","22uF 16V X7R","Capacitor_SMD:C_1210_3225Metric","2","","TDK","C3225X7R1C226M250AC",""
"C302","10uF 10V","Capacitor_SMD:C_0805_2012Metric","1","","","",""
"C308,C309","10pF C0G","Capacitor_SMD:C_0402_1005Metric","2","","","",""
"C311","220nF 100V","Capacitor_SMD:C_0805_2012Metric","1","","","",""
"C312","10uF 25V X7R","Capacitor_SMD:C_1210_3225Metric","1","","","",""
"C313","100nF 25V","Capacitor_SMD:C_0402_1005Metric","1","","","",""
"C413,C423,C433","TUNE DNP","Capacitor_SMD:C_1206_3216Metric","3","DNP","","",""
"C414,C424,C434","47pF C0G","Capacitor_SMD:C_0603_1608Metric","3","DNP","TDK","C1608C0G1H470J080AA",""
"C501","1uF 25V","Capacitor_SMD:C_0603_1608Metric","1","","TDK","C1608X7R1E105K080AB",""
"C502,C503,C604","100nF 50V","Capacitor_SMD:C_0402_1005Metric","3","","TDK","",""
"C504","1nF C0G","Capacitor_SMD:C_0603_1608Metric","1","","TDK","C1608C0G1H102J080AA",""
"C505","100nF 16V","Capacitor_SMD:C_0402_1005Metric","1","","","",""
"C606","4.7uF 16V X7R","Capacitor_SMD:C_0603_1608Metric","1","","","",""
"C607","100nF 16V X7R","Capacitor_SMD:C_0402_1005Metric","1","","","",""
"C901,C903","4.7uF 10V","Capacitor_SMD:C_0603_1608Metric","2","","","",""
"D101","VM TVS - SELECT AFTER TEST","Diode_SMD:D_SMC","1","DNP","","",""
"D301","RED","LED_SMD:LED_0603_1608Metric","1","","","",""
"D501","BZT52C12 12V","Diode_SMD:D_SOD-123","1","","Diodes Incorporated","BZT52C12-7-F",""
"D502,D503","BAT54H","Diode_SMD:D_SOD-123F","2","","","BAT54H,115",""
"D505","BAT54S","Package_TO_SOT_SMD:SOT-23","1","","","BAT54S,215",""
"D601","TPD3E001DRLR 3-line ESD","Manual:TPD3E001_DRL5","1","","","TPD3E001DRLR",""
"D801","PESD2CANFD24V-T","Package_TO_SOT_SMD:SOT-23","1","","","PESD2CANFD24V-T",""
"J101","AMASS XT60PW-M","Connector_AMASS:AMASS_XT60PW-M_1x02_P7.20mm_Horizontal","1","","","XT60PW-M",""
"J201","USB-C service","Connector_USB:USB_C_Receptacle_HRO_TYPE-C-31-M-12","1","","","TYPE-C-31-M-12",""
"J501","BRAKE RESISTOR","Connector_Wire:SolderWire-2sqmm_1x02_P7.8mm_D2mm_OD3.9mm","1","","","PCB feature",""
"J502","BRAKE NTC","Connector_JST:JST_GH_SM02B-GHS-TB_1x02-1MP_P1.25mm_Horizontal","1","","","SM02B-GHS-TB(LF)(SN)",""
"J601","EXT ENCODER / HALL","Connector_JST:JST_GH_BM06B-GHS-TBT_1x06-1MP_P1.25mm_Vertical","1","","","BM06B-GHS-TBT",""
"J801","CAN 1","Connector_JST:JST_GH_BM04B-GHS-TBT_1x04-1MP_P1.25mm_Vertical","1","","","BM04B-GHS-TBT",""
"J802","CAN 2","Connector_JST:JST_GH_BM04B-GHS-TBT_1x04-1MP_P1.25mm_Vertical","1","","","BM04B-GHS-TBT",""
"JP801","TERM ENABLE","Jumper:SolderJumper-2_P1.3mm_Open_Pad1.0x1.5mm","1","DNP","","",""
"L201","47uH / 1.9A","Manual:WE_LHMI_7050_74437349470","1","","Wurth Elektronik","74437349470",""
"Q501","CSD19531Q5A 100V","Manual:CSD19531Q5A_Q5A_DQJ0008A","1","","","CSD19531Q5A",""
"R1,R3,R5","0.5m 1%","Manual:R_Shunt_LR2512D_0m5_3W_Kelvin","3","","Milliohm","LR2512D-3W-0.5mR-1%",""
"R2,R4,R6","4R7","Resistor_SMD:R_0402_1005Metric","3","","YAGEO","",""
"R101","470k 0.25W","Resistor_SMD:R_1206_3216Metric","1","","","",""
"R102","RC DAMP R - TUNE","Resistor_SMD:R_2512_6332Metric","1","DNP","","",""
"R103","560k 0.1% 75V","Resistor_SMD:R_0603_1608Metric","1","","Yageo","RT0603BRD07560KL","C719312"
"R105","28k 0.1%","Resistor_SMD:R_0402_1005Metric","1","","Yageo","RT0402BRD0728KL","C852686"
"R106,R312,R711-R713,R901","1k","Resistor_SMD:R_0402_1005Metric","6","","","",""
"R201","100k 1%","Resistor_SMD:R_0402_1005Metric","1","","","",""
"R202","11.1k 1%","Resistor_SMD:R_0402_1005Metric","1","","","",""
"R203,R204","5.1k","Resistor_SMD:R_0402_1005Metric","2","","","",""
"R205,R301,R302","0R","Resistor_SMD:R_0402_1005Metric","3","","","",""
"R206","15.0k 1%","Resistor_SMD:R_0402_1005Metric","1","","","",""
"R207,R209,R211,R213","5.10k 1%","Resistor_SMD:R_0402_1005Metric","4","","","",""
"R208","10.0k 1%","Resistor_SMD:R_0402_1005Metric","1","","","",""
"R210,R212","22.0k 1%","Resistor_SMD:R_0402_1005Metric","2","","Yageo","",""
"R214","80.6k 1%","Resistor_SMD:R_0402_1005Metric","1","","","",""
"R215,R305-R307,R309,R311,R501,R504,R505,R604,R801,R805","10k","Resistor_SMD:R_0402_1005Metric","12","","Yageo","",""
"R216","34.0k 0.1%","Resistor_SMD:R_0402_1005Metric","1","","","",""
"R217","6.49k 0.1%","Resistor_SMD:R_0402_1005Metric","1","","","",""
"R218,R219,R310,R615-R617","100k","Resistor_SMD:R_0402_1005Metric","6","","","",""
"R303","2k2","Resistor_SMD:R_0402_1005Metric","1","","","",""
"R304,R308,R715","2.2k","Resistor_SMD:R_0402_1005Metric","3","","","",""
"R313,R314","22R","Resistor_SMD:R_0402_1005Metric","2","","","",""
"R410,R420,R430,R441-R443","56k 0.1%","Resistor_SMD:R_0402_1005Metric","6","","YAGEO","",""
"R415,R425,R435","TUNE DNP","Resistor_SMD:R_1206_3216Metric","3","DNP","","",""
"R417,R418,R427,R428,R437,R438","1k 0.1%","Resistor_SMD:R_0402_1005Metric","6","","YAGEO","",""
"R419,R429,R439","28k 0.1%","Resistor_SMD:R_0402_1005Metric","3","","YAGEO","",""
"R502,R611","33R","Resistor_SMD:R_0402_1005Metric","2","","Yageo","",""
"R503","4.7R","Resistor_SMD:R_0402_1005Metric","1","","Yageo","",""
"R506","470k 1% 75V","Resistor_SMD:R_0603_1608Metric","1","","Yageo","RC0603FR-07470KL","C114622"
"R509","13.3k 1%","Resistor_SMD:R_0402_1005Metric","1","","Yageo","RC0402FR-0713K3L","C274352"
"R510","1M 1%","Resistor_SMD:R_0402_1005Metric","1","","Yageo","RC0402FR-071ML","C138033"
"R511","10k 1%","Resistor_SMD:R_0402_1005Metric","1","","","",""
"R512,R701-R703","4.7k 1%","Resistor_SMD:R_0402_1005Metric","4","","","",""
"R605-R607,R902,R903","100R","Resistor_SMD:R_0402_1005Metric","5","","","",""
"R608-R610","4.7k DNP","Resistor_SMD:R_0402_1005Metric","3","DNP","","",""
"R802","120R 1%","Resistor_SMD:R_0603_1608Metric","1","","","",""
"R803","0R CANH link","Resistor_SMD:R_0402_1005Metric","1","","","",""
"R804","0R CANL link","Resistor_SMD:R_0402_1005Metric","1","","","",""
"R904","22.1k 1%","Resistor_SMD:R_0402_1005Metric","1","","","",""
"R905","47.5k 1%","Resistor_SMD:R_0402_1005Metric","1","","","",""
"SW301","RESET","Button_Switch_SMD:SW_Push_1P1T-SH_NO_CK_KMR2xxG","1","","C&K / Littelfuse","KMR221GLFS",""
"TH701-TH703","10k NTC B3380","Resistor_SMD:R_0603_1608Metric","3","","","NCP18XH103F03RB",""
"TP101","VM","TestPoint:TestPoint_Pad_D1.5mm","1","","","PCB feature",""
"TP102","GND","TestPoint:TestPoint_Pad_D1.5mm","1","","","PCB feature",""
"TP103","VBUS_SENSE","TestPoint:TestPoint_Pad_D1.5mm","1","","","PCB feature",""
"TP201","PWR_SOURCE_STATUS","TestPoint:TestPoint_Pad_D1.5mm","1","","","PCB feature",""
"TP202","5V_USB","TestPoint:TestPoint_Pad_D1.5mm","1","","","PCB feature",""
"TP301","VCC","TestPoint:TestPoint_Pad_D1.5mm","1","","","PCB feature",""
"TP302","SCREF","TestPoint:TestPoint_Pad_D1.5mm","1","","","PCB feature",""
"TP303","NRST","TestPoint:TestPoint_Pad_D1.5mm","1","","","PCB feature",""
"TP501","BRAKE_GATE","TestPoint:TestPoint_Pad_D1.5mm","1","","","PCB feature",""
"TP502","BRAKE_SWITCH","TestPoint:TestPoint_Pad_D1.5mm","1","","","PCB feature",""
"TP701","NTC_PHASE_A","TestPoint:TestPoint_Pad_D1.0mm","1","","","PCB feature",""
"TP702","NTC_PHASE_B","TestPoint:TestPoint_Pad_D1.0mm","1","","","PCB feature",""
"TP703","NTC_PHASE_C","TestPoint:TestPoint_Pad_D1.0mm","1","","","PCB feature",""
"TP901","USB_UART_TX","TestPoint:TestPoint_Pad_D1.0mm","1","","","PCB feature",""
"TP902","USB_UART_RX","TestPoint:TestPoint_Pad_D1.0mm","1","","","PCB feature",""
"TP1005","5V_SYS","TestPoint:TestPoint_Pad_D1.0mm","1","","","PCB feature",""
"TP1006","3V3","TestPoint:TestPoint_Pad_D1.0mm","1","","","PCB feature",""
"TP1008","SWDIO","TestPoint:TestPoint_Pad_D1.0mm","1","","","PCB feature",""
"TP1009","SWCLK","TestPoint:TestPoint_Pad_D1.0mm","1","","","PCB feature",""
"TP1010","ENC_SPI_CLK","TestPoint:TestPoint_Pad_D1.0mm","1","","","PCB feature",""
"TP1011","SPI3_MISO","TestPoint:TestPoint_Pad_D1.0mm","1","","","PCB feature",""
"TP1012","ENC_SPI_MOSI","TestPoint:TestPoint_Pad_D1.0mm","1","","","PCB feature",""
"TP1013","FDCAN1_TX","TestPoint:TestPoint_Pad_D1.0mm","1","","","PCB feature",""
"TP1014","FDCAN1_RX","TestPoint:TestPoint_Pad_D1.0mm","1","","","PCB feature",""
"TP1015","FEEDBACK_A_H1","TestPoint:TestPoint_Pad_D1.0mm","1","","","PCB feature",""
"TP1016","FEEDBACK_B_H2","TestPoint:TestPoint_Pad_D1.0mm","1","","","PCB feature",""
"TP1018","OPO_U1","TestPoint:TestPoint_Pad_D1.0mm","1","","","PCB feature",""
"TP1019","OPO_V1","TestPoint:TestPoint_Pad_D1.0mm","1","","","PCB feature",""
"TP1020","OPO_W1","TestPoint:TestPoint_Pad_D1.0mm","1","","","PCB feature",""
"TP1021","STATUS_LED_N","TestPoint:TestPoint_Pad_D1.0mm","1","","","PCB feature",""
"TP1022","CAN_STB","TestPoint:TestPoint_Pad_D1.0mm","1","","","PCB feature",""
"TP1023","EXT_SENSOR_FAULT_N","TestPoint:TestPoint_Pad_D1.0mm","1","","","PCB feature",""
"TP1024","I2C2_SDA","TestPoint:TestPoint_Pad_D1.0mm","1","","","PCB feature",""
"U1-U3","CSD88599Q5DC","Manual:DMM0022A","3","","Texas Instruments","CSD88599Q5DC",""
"U4","STSPIN32G4","Manual:QFN_IN32G4_STM","1","","","STSPIN32G4",""
"U201","LMR36510FADDAR","Manual:LMR36510_DDA","1","","","LMR36510FADDAR",""
"U202","USBLC6-2SC6","Manual:USBLC6_SOT23_6","1","","","USBLC6-2SC6",""
"U203","TPS2121RUXR","Manual:TPS2121_RUX","1","","","TPS2121RUXR",""
"U204","TLV75533PDYDR","Manual:TLV75533_DYD_GND","1","","","TLV75533PDYDR",""
"U205","MPM3620AGQV-Z","Manual:IC18_MPM3620AGQV-Z_MNP","1","","Monolithic Power Systems","MPM3620AGQV-Z","C529064"
"U501","UCC27517ADBVR","Manual:UCC27517A_DBV5","1","","","UCC27517ADBVR",""
"U502","TLV3012BIDBVR","Package_TO_SOT_SMD:SOT-23-6","1","","","TLV3012BIDBVR",""
"U601","AS5047P-ATSM","Manual:AS5047P_TSSOP14","1","","","AS5047P-ATSM",""
"U602","TMUX1574PW","Manual:TMUX1574_PW16","1","","","TMUX1574PW",""
"U603","74LVC3G17","Package_SO:VSSOP-8_2.3x2mm_P0.5mm","1","","Texas Instruments","SN74LVC3G17DCUR",""
"U604","TPS2553DBVR","Package_TO_SOT_SMD:SOT-23-6","1","","Texas Instruments","TPS2553DBVR",""
"U701","BMI323","Manual:BMI323_LGA14","1","","","BMI323",""
"U801","TCAN3413DR","Package_SO:SOIC-8_3.9x4.9mm_P1.27mm","1","","","TCAN3413DR",""
"U901","CP2102N-A02-GQFN20","Package_DFN_QFN:SiliconLabs_QFN-20-1EP_3x3mm_P0.5mm_EP1.8x1.8mm_ThermalVias","1","","","CP2102N-A02-GQFN20",""
"Y301","24MHz 7pF","Crystal:Crystal_SMD_3225-4Pin_3.2x2.5mm","1","","Kyocera","CX3225FB24000C0FZZH1",""
