Reference,Value,MPN,Manufacturer,Footprint,DNP,Model status,Datasheet,Notes
R1,0.5m 1%,BVR-Z-R0005-1.0,Isabellenhuette,Resistor_SMD:R_Shunt_Isabellenhuette_BVR4026,no,Missing: ${KICAD9_3DMODEL_DIR}/Resistor_SMD.3dshapes/R_Shunt_Isabellenhuette_BVR4026.step,https://www.isabellenhuette.com/hubfs/143808517/files/Data%20sheets/BVR.pdf,Four-terminal shunt. Power pads 1/4; Kelvin sense pads 2/3. 0.5 mOhm with gain 28 = 14 mV/A. Board target 25 Arms with cooling; thermal validation pending.
R3,0.5m 1%,BVR-Z-R0005-1.0,Isabellenhuette,Resistor_SMD:R_Shunt_Isabellenhuette_BVR4026,no,Missing: ${KICAD9_3DMODEL_DIR}/Resistor_SMD.3dshapes/R_Shunt_Isabellenhuette_BVR4026.step,https://www.isabellenhuette.com/hubfs/143808517/files/Data%20sheets/BVR.pdf,Four-terminal shunt. Power pads 1/4; Kelvin sense pads 2/3. 0.5 mOhm with gain 28 = 14 mV/A. Board target 25 Arms with cooling; thermal validation pending.
R5,0.5m 1%,BVR-Z-R0005-1.0,Isabellenhuette,Resistor_SMD:R_Shunt_Isabellenhuette_BVR4026,no,Missing: ${KICAD9_3DMODEL_DIR}/Resistor_SMD.3dshapes/R_Shunt_Isabellenhuette_BVR4026.step,https://www.isabellenhuette.com/hubfs/143808517/files/Data%20sheets/BVR.pdf,Four-terminal shunt. Power pads 1/4; Kelvin sense pads 2/3. 0.5 mOhm with gain 28 = 14 mV/A. Board target 25 Arms with cooling; thermal validation pending.
R2,4R7,RC0805FR-074R7L,YAGEO,Resistor_SMD:R_0805_2012Metric,no,Existing model; generic for passives,https://www.yageogroup.com/component-documentation/download/specsheet/RC0805FR-074R7L,"4.7 ohm high-side gate resistor; mount at GH. Qg*Vgate*f upper energy estimate 28 mW at 56 nC, 10 V, 50 kHz; actual resistor share lower."
R4,4R7,RC0805FR-074R7L,YAGEO,Resistor_SMD:R_0805_2012Metric,no,Existing model; generic for passives,https://www.yageogroup.com/component-documentation/download/specsheet/RC0805FR-074R7L,"4.7 ohm high-side gate resistor; mount at GH. Qg*Vgate*f upper energy estimate 28 mW at 56 nC, 10 V, 50 kHz; actual resistor share lower."
R6,4R7,RC0805FR-074R7L,YAGEO,Resistor_SMD:R_0805_2012Metric,no,Existing model; generic for passives,https://www.yageogroup.com/component-documentation/download/specsheet/RC0805FR-074R7L,"4.7 ohm high-side gate resistor; mount at GH. Qg*Vgate*f upper energy estimate 28 mW at 56 nC, 10 V, 50 kHz; actual resistor share lower."
C1,10nF,C1005X7S2A103K050BB,TDK,Capacitor_SMD:C_0402_1005Metric,no,Existing model; generic for passives,https://product.tdk.com/info/en/documents/chara_sheet/C1005X7S2A103K050BB.pdf,Changed from generic 100 nF to TI recommended 10 nF / 100 V / 0402 for CSD88599 at up to 42 V. Short local loop; this does not prove switching overshoot is controlled.
C5,10nF,C1005X7S2A103K050BB,TDK,Capacitor_SMD:C_0402_1005Metric,no,Existing model; generic for passives,https://product.tdk.com/info/en/documents/chara_sheet/C1005X7S2A103K050BB.pdf,Changed from generic 100 nF to TI recommended 10 nF / 100 V / 0402 for CSD88599 at up to 42 V. Short local loop; this does not prove switching overshoot is controlled.
C9,10nF,C1005X7S2A103K050BB,TDK,Capacitor_SMD:C_0402_1005Metric,no,Existing model; generic for passives,https://product.tdk.com/info/en/documents/chara_sheet/C1005X7S2A103K050BB.pdf,Changed from generic 100 nF to TI recommended 10 nF / 100 V / 0402 for CSD88599 at up to 42 V. Short local loop; this does not prove switching overshoot is controlled.
C2,1uF,C3216X7R2A105K160AA,TDK,Capacitor_SMD:C_1206_3216Metric,no,Existing model; generic for passives,https://product.tdk.com/info/en/documents/chara_sheet/C3216X7R2A105K160AA.pdf,Local VM bypass. Nominal capacitance; effective capacitance reduces under DC bias. Retain main bulk capacitors.
C6,1uF,C3216X7R2A105K160AA,TDK,Capacitor_SMD:C_1206_3216Metric,no,Existing model; generic for passives,https://product.tdk.com/info/en/documents/chara_sheet/C3216X7R2A105K160AA.pdf,Local VM bypass. Nominal capacitance; effective capacitance reduces under DC bias. Retain main bulk capacitors.
C10,1uF,C3216X7R2A105K160AA,TDK,Capacitor_SMD:C_1206_3216Metric,no,Existing model; generic for passives,https://product.tdk.com/info/en/documents/chara_sheet/C3216X7R2A105K160AA.pdf,Local VM bypass. Nominal capacitance; effective capacitance reduces under DC bias. Retain main bulk capacitors.
C3,4.7uF,C3225X7S2A475K200AB,TDK,Capacitor_SMD:C_1210_3225Metric,no,Existing model; generic for passives,https://product.tdk.com/info/en/documents/chara_sheet/C3225X7S2A475K200AB.pdf,Local VM bypass. Nominal capacitance; effective capacitance and RMS ripple temperature require final PWM/layout validation. Generic STEP is visualization only; maximum component height 2.2 mm.
C7,4.7uF,C3225X7S2A475K200AB,TDK,Capacitor_SMD:C_1210_3225Metric,no,Existing model; generic for passives,https://product.tdk.com/info/en/documents/chara_sheet/C3225X7S2A475K200AB.pdf,Local VM bypass. Nominal capacitance; effective capacitance and RMS ripple temperature require final PWM/layout validation. Generic STEP is visualization only; maximum component height 2.2 mm.
C11,4.7uF,C3225X7S2A475K200AB,TDK,Capacitor_SMD:C_1210_3225Metric,no,Existing model; generic for passives,https://product.tdk.com/info/en/documents/chara_sheet/C3225X7S2A475K200AB.pdf,Local VM bypass. Nominal capacitance; effective capacitance and RMS ripple temperature require final PWM/layout validation. Generic STEP is visualization only; maximum component height 2.2 mm.
C4,220nF,C1608X7R1H224K080AB,TDK,Capacitor_SMD:C_0603_1608Metric,no,Existing model; generic for passives,https://product.tdk.com/info/en/documents/chara_sheet/C1608X7R1H224K080AB.pdf,Bootstrap capacitor across BOOT and SH. 56 nC / 220 nF = 0.255 V nominal gate-charge droop; design for at least 150 nF effective. Firmware must precharge and provide regular low-side refresh; not indefinite 100% high-side duty.
C8,220nF,C1608X7R1H224K080AB,TDK,Capacitor_SMD:C_0603_1608Metric,no,Existing model; generic for passives,https://product.tdk.com/info/en/documents/chara_sheet/C1608X7R1H224K080AB.pdf,Bootstrap capacitor across BOOT and SH. 56 nC / 220 nF = 0.255 V nominal gate-charge droop; design for at least 150 nF effective. Firmware must precharge and provide regular low-side refresh; not indefinite 100% high-side duty.
C12,220nF,C1608X7R1H224K080AB,TDK,Capacitor_SMD:C_0603_1608Metric,no,Existing model; generic for passives,https://product.tdk.com/info/en/documents/chara_sheet/C1608X7R1H224K080AB.pdf,Bootstrap capacitor across BOOT and SH. 56 nC / 220 nF = 0.255 V nominal gate-charge droop; design for at least 150 nF effective. Firmware must precharge and provide regular low-side refresh; not indefinite 100% high-side duty.
U1,CSD88599Q5DC,CSD88599Q5DC,Texas Instruments,Manual:DMM0022A,no,Existing model; generic for passives,https://www.ti.com/lit/ds/symlink/csd88599q5dc.pdf,Retain downloaded CAD. Existing grouped symbol pins and extra footprint pads must be reconciled before PCB update. No custom CAD made in this selection pass.
U2,CSD88599Q5DC,CSD88599Q5DC,Texas Instruments,Manual:DMM0022A,no,Existing model; generic for passives,https://www.ti.com/lit/ds/symlink/csd88599q5dc.pdf,Retain downloaded CAD. Existing grouped symbol pins and extra footprint pads must be reconciled before PCB update. No custom CAD made in this selection pass.
U3,CSD88599Q5DC,CSD88599Q5DC,Texas Instruments,Manual:DMM0022A,no,Existing model; generic for passives,https://www.ti.com/lit/ds/symlink/csd88599q5dc.pdf,Retain downloaded CAD. Existing grouped symbol pins and extra footprint pads must be reconciled before PCB update. No custom CAD made in this selection pass.
R417,1k 0.1%,RT0603BRD071KL,YAGEO,Resistor_SMD:R_0603_1608Metric,no,Existing model; generic for passives,https://www.yageogroup.com/component-documentation/download/specsheet/RT0603BRD071KL,Precision thin-film current amplifier resistor. Keep ratio 28 and bias balance. Calibrate zero-current offsets.
R418,1k 0.1%,RT0603BRD071KL,YAGEO,Resistor_SMD:R_0603_1608Metric,no,Existing model; generic for passives,https://www.yageogroup.com/component-documentation/download/specsheet/RT0603BRD071KL,Precision thin-film current amplifier resistor. Keep ratio 28 and bias balance. Calibrate zero-current offsets.
R427,1k 0.1%,RT0603BRD071KL,YAGEO,Resistor_SMD:R_0603_1608Metric,no,Existing model; generic for passives,https://www.yageogroup.com/component-documentation/download/specsheet/RT0603BRD071KL,Precision thin-film current amplifier resistor. Keep ratio 28 and bias balance. Calibrate zero-current offsets.
R428,1k 0.1%,RT0603BRD071KL,YAGEO,Resistor_SMD:R_0603_1608Metric,no,Existing model; generic for passives,https://www.yageogroup.com/component-documentation/download/specsheet/RT0603BRD071KL,Precision thin-film current amplifier resistor. Keep ratio 28 and bias balance. Calibrate zero-current offsets.
R437,1k 0.1%,RT0603BRD071KL,YAGEO,Resistor_SMD:R_0603_1608Metric,no,Existing model; generic for passives,https://www.yageogroup.com/component-documentation/download/specsheet/RT0603BRD071KL,Precision thin-film current amplifier resistor. Keep ratio 28 and bias balance. Calibrate zero-current offsets.
R438,1k 0.1%,RT0603BRD071KL,YAGEO,Resistor_SMD:R_0603_1608Metric,no,Existing model; generic for passives,https://www.yageogroup.com/component-documentation/download/specsheet/RT0603BRD071KL,Precision thin-film current amplifier resistor. Keep ratio 28 and bias balance. Calibrate zero-current offsets.
R419,28k 0.1%,RT0603BRD0728KL,YAGEO,Resistor_SMD:R_0603_1608Metric,no,Existing model; generic for passives,https://www.yageogroup.com/component-documentation/download/specsheet/RT0603BRD0728KL,Precision thin-film current amplifier resistor. Keep ratio 28 and bias balance. Calibrate zero-current offsets.
R429,28k 0.1%,RT0603BRD0728KL,YAGEO,Resistor_SMD:R_0603_1608Metric,no,Existing model; generic for passives,https://www.yageogroup.com/component-documentation/download/specsheet/RT0603BRD0728KL,Precision thin-film current amplifier resistor. Keep ratio 28 and bias balance. Calibrate zero-current offsets.
R439,28k 0.1%,RT0603BRD0728KL,YAGEO,Resistor_SMD:R_0603_1608Metric,no,Existing model; generic for passives,https://www.yageogroup.com/component-documentation/download/specsheet/RT0603BRD0728KL,Precision thin-film current amplifier resistor. Keep ratio 28 and bias balance. Calibrate zero-current offsets.
R410,56k 0.1%,RT0603BRD0756KL,YAGEO,Resistor_SMD:R_0603_1608Metric,no,Existing model; generic for passives,https://www.yageogroup.com/component-documentation/download/specsheet/RT0603BRD0756KL,Precision thin-film current amplifier resistor. Keep ratio 28 and bias balance. Calibrate zero-current offsets.
R420,56k 0.1%,RT0603BRD0756KL,YAGEO,Resistor_SMD:R_0603_1608Metric,no,Existing model; generic for passives,https://www.yageogroup.com/component-documentation/download/specsheet/RT0603BRD0756KL,Precision thin-film current amplifier resistor. Keep ratio 28 and bias balance. Calibrate zero-current offsets.
R430,56k 0.1%,RT0603BRD0756KL,YAGEO,Resistor_SMD:R_0603_1608Metric,no,Existing model; generic for passives,https://www.yageogroup.com/component-documentation/download/specsheet/RT0603BRD0756KL,Precision thin-film current amplifier resistor. Keep ratio 28 and bias balance. Calibrate zero-current offsets.
R441,56k 0.1%,RT0603BRD0756KL,YAGEO,Resistor_SMD:R_0603_1608Metric,no,Existing model; generic for passives,https://www.yageogroup.com/component-documentation/download/specsheet/RT0603BRD0756KL,Precision thin-film current amplifier resistor. Keep ratio 28 and bias balance. Calibrate zero-current offsets.
R442,56k 0.1%,RT0603BRD0756KL,YAGEO,Resistor_SMD:R_0603_1608Metric,no,Existing model; generic for passives,https://www.yageogroup.com/component-documentation/download/specsheet/RT0603BRD0756KL,Precision thin-film current amplifier resistor. Keep ratio 28 and bias balance. Calibrate zero-current offsets.
R443,56k 0.1%,RT0603BRD0756KL,YAGEO,Resistor_SMD:R_0603_1608Metric,no,Existing model; generic for passives,https://www.yageogroup.com/component-documentation/download/specsheet/RT0603BRD0756KL,Precision thin-film current amplifier resistor. Keep ratio 28 and bias balance. Calibrate zero-current offsets.
C414,47pF C0G,C1608C0G1H470J080AA,TDK,Capacitor_SMD:C_0603_1608Metric,yes,Existing model; generic for passives,https://product.tdk.com/en/system/files/dam/doc/product/capacitor/ceramic/mlcc/charasheet/c1608c0g1h470j080aa.pdf,Remain DNP. Optional feedback bandwidth tuning; settling and common-mode rejection must be checked before fitting.
C424,47pF C0G,C1608C0G1H470J080AA,TDK,Capacitor_SMD:C_0603_1608Metric,yes,Existing model; generic for passives,https://product.tdk.com/en/system/files/dam/doc/product/capacitor/ceramic/mlcc/charasheet/c1608c0g1h470j080aa.pdf,Remain DNP. Optional feedback bandwidth tuning; settling and common-mode rejection must be checked before fitting.
C434,47pF C0G,C1608C0G1H470J080AA,TDK,Capacitor_SMD:C_0603_1608Metric,yes,Existing model; generic for passives,https://product.tdk.com/en/system/files/dam/doc/product/capacitor/ceramic/mlcc/charasheet/c1608c0g1h470j080aa.pdf,Remain DNP. Optional feedback bandwidth tuning; settling and common-mode rejection must be checked before fitting.
