Reference,Footprint,Pad,Net,X_mm,Y_mm,Width_mm,Height_mm
C101,Capacitor_SMD:CP_Elec_18x17.5,1,VM,-6.75,0.0,8.8,9.6
C101,Capacitor_SMD:CP_Elec_18x17.5,2,GND,6.75,0.0,8.8,9.6
C102,Capacitor_SMD:CP_Elec_18x17.5,1,VM,-6.75,0.0,8.8,9.6
C102,Capacitor_SMD:CP_Elec_18x17.5,2,GND,6.75,0.0,8.8,9.6
C103,Capacitor_SMD:CP_Elec_18x17.5,1,VM,-6.75,0.0,8.8,9.6
C103,Capacitor_SMD:CP_Elec_18x17.5,2,GND,6.75,0.0,8.8,9.6
C104,Capacitor_SMD:C_1210_3225Metric,1,VM,-1.475,0.0,1.15,2.7
C104,Capacitor_SMD:C_1210_3225Metric,2,GND,1.475,0.0,1.15,2.7
C105,Capacitor_SMD:C_0805_2012Metric,1,VM,-0.95,0.0,1.0,1.45
C105,Capacitor_SMD:C_0805_2012Metric,2,GND,0.95,0.0,1.0,1.45
C106,Capacitor_SMD:C_0603_1608Metric,1,VM,-0.775,0.0,0.9,0.95
C106,Capacitor_SMD:C_0603_1608Metric,2,GND,0.775,0.0,0.9,0.95
C107,Capacitor_SMD:C_2220_5750Metric,1,VM_DAMP,-2.55,0.0,1.8,5.4
C107,Capacitor_SMD:C_2220_5750Metric,2,GND,2.55,0.0,1.8,5.4
C108,Capacitor_SMD:C_0603_1608Metric,1,VBUS_SENSE,-0.775,0.0,0.9,0.95
C108,Capacitor_SMD:C_0603_1608Metric,2,GND,0.775,0.0,0.9,0.95
C201,Capacitor_SMD:C_1210_3225Metric,1,VM,-1.475,0.0,1.15,2.7
C201,Capacitor_SMD:C_1210_3225Metric,2,GND,1.475,0.0,1.15,2.7
C202,Capacitor_SMD:C_0805_2012Metric,1,VM,-0.95,0.0,1.0,1.45
C202,Capacitor_SMD:C_0805_2012Metric,2,GND,0.95,0.0,1.0,1.45
C203,Capacitor_SMD:C_0603_1608Metric,1,5V_BOOT,-0.775,0.0,0.9,0.95
C203,Capacitor_SMD:C_0603_1608Metric,2,5V_SW,0.775,0.0,0.9,0.95
C204,Capacitor_SMD:C_0603_1608Metric,1,LMR_VCC,-0.775,0.0,0.9,0.95
C204,Capacitor_SMD:C_0603_1608Metric,2,GND,0.775,0.0,0.9,0.95
C205,Capacitor_SMD:C_1210_3225Metric,1,5V_BAT,-1.475,0.0,1.15,2.7
C205,Capacitor_SMD:C_1210_3225Metric,2,GND,1.475,0.0,1.15,2.7
C206,Capacitor_SMD:C_1210_3225Metric,1,5V_BAT,-1.475,0.0,1.15,2.7
C206,Capacitor_SMD:C_1210_3225Metric,2,GND,1.475,0.0,1.15,2.7
C207,Capacitor_SMD:C_1206_3216Metric,1,USB_SHIELD,-1.475,0.0,1.15,1.8
C207,Capacitor_SMD:C_1206_3216Metric,2,GND,1.475,0.0,1.15,1.8
C208,Capacitor_SMD:C_0603_1608Metric,1,5V_USB,-0.775,0.0,0.9,0.95
C208,Capacitor_SMD:C_0603_1608Metric,2,GND,0.775,0.0,0.9,0.95
C209,Capacitor_SMD:C_0603_1608Metric,1,MUX_SS,-0.775,0.0,0.9,0.95
C209,Capacitor_SMD:C_0603_1608Metric,2,GND,0.775,0.0,0.9,0.95
C210,Capacitor_SMD:C_1210_3225Metric,1,5V_SYS,-1.475,0.0,1.15,2.7
C210,Capacitor_SMD:C_1210_3225Metric,2,GND,1.475,0.0,1.15,2.7
C211,Capacitor_SMD:C_0603_1608Metric,1,5V_SYS,-0.775,0.0,0.9,0.95
C211,Capacitor_SMD:C_0603_1608Metric,2,GND,0.775,0.0,0.9,0.95
C212,Capacitor_SMD:C_0603_1608Metric,1,5V_SYS,-0.775,0.0,0.9,0.95
C212,Capacitor_SMD:C_0603_1608Metric,2,GND,0.775,0.0,0.9,0.95
C213,Capacitor_SMD:C_0603_1608Metric,1,3V3,-0.775,0.0,0.9,0.95
C213,Capacitor_SMD:C_0603_1608Metric,2,GND,0.775,0.0,0.9,0.95
C301,Capacitor_SMD:C_0603_1608Metric,1,3V3,-0.775,0.0,0.9,0.95
C301,Capacitor_SMD:C_0603_1608Metric,2,GND,0.775,0.0,0.9,0.95
C302,Capacitor_SMD:C_0805_2012Metric,1,3V3,-0.95,0.0,1.0,1.45
C302,Capacitor_SMD:C_0805_2012Metric,2,GND,0.95,0.0,1.0,1.45
C303,Capacitor_SMD:C_0603_1608Metric,1,VDDA,-0.775,0.0,0.9,0.95
C303,Capacitor_SMD:C_0603_1608Metric,2,GND,0.775,0.0,0.9,0.95
C304,Capacitor_SMD:C_0603_1608Metric,1,VDDA,-0.775,0.0,0.9,0.95
C304,Capacitor_SMD:C_0603_1608Metric,2,GND,0.775,0.0,0.9,0.95
C305,Capacitor_SMD:C_0603_1608Metric,1,VREF+,-0.775,0.0,0.9,0.95
C305,Capacitor_SMD:C_0603_1608Metric,2,GND,0.775,0.0,0.9,0.95
C306,Capacitor_SMD:C_0603_1608Metric,1,VREF+,-0.775,0.0,0.9,0.95
C306,Capacitor_SMD:C_0603_1608Metric,2,GND,0.775,0.0,0.9,0.95
C307,Capacitor_SMD:C_0603_1608Metric,1,3V3,-0.775,0.0,0.9,0.95
C307,Capacitor_SMD:C_0603_1608Metric,2,GND,0.775,0.0,0.9,0.95
C308,Capacitor_SMD:C_0603_1608Metric,1,HSE_OSC_IN,-0.775,0.0,0.9,0.95
C308,Capacitor_SMD:C_0603_1608Metric,2,GND,0.775,0.0,0.9,0.95
C309,Capacitor_SMD:C_0603_1608Metric,1,HSE_OSC_OUT,-0.775,0.0,0.9,0.95
C309,Capacitor_SMD:C_0603_1608Metric,2,GND,0.775,0.0,0.9,0.95
C310,Capacitor_SMD:C_0603_1608Metric,1,NRST,-0.775,0.0,0.9,0.95
C310,Capacitor_SMD:C_0603_1608Metric,2,GND,0.775,0.0,0.9,0.95
C311,Capacitor_SMD:C_0805_2012Metric,1,VM,-0.95,0.0,1.0,1.45
C311,Capacitor_SMD:C_0805_2012Metric,2,GND,0.95,0.0,1.0,1.45
C312,Capacitor_SMD:C_1210_3225Metric,1,VCC,-1.475,0.0,1.15,2.7
C312,Capacitor_SMD:C_1210_3225Metric,2,GND,1.475,0.0,1.15,2.7
C313,Capacitor_SMD:C_0603_1608Metric,1,VCC,-0.775,0.0,0.9,0.95
C313,Capacitor_SMD:C_0603_1608Metric,2,GND,0.775,0.0,0.9,0.95
C314,Capacitor_SMD:C_0603_1608Metric,1,SCREF,-0.775,0.0,0.9,0.95
C314,Capacitor_SMD:C_0603_1608Metric,2,GND,0.775,0.0,0.9,0.95
C411,Capacitor_SMD:C_0603_1608Metric,1,BOOT1,-0.775,0.0,0.9,0.95
C411,Capacitor_SMD:C_0603_1608Metric,2,OUT1,0.775,0.0,0.9,0.95
C412,Capacitor_SMD:C_1210_3225Metric,1,VM,-1.475,0.0,1.15,2.7
C412,Capacitor_SMD:C_1210_3225Metric,2,GND,1.475,0.0,1.15,2.7
C413,Capacitor_SMD:C_1210_3225Metric,1,SNUB_U,-1.475,0.0,1.15,2.7
C413,Capacitor_SMD:C_1210_3225Metric,2,GND,1.475,0.0,1.15,2.7
C414,Capacitor_SMD:C_0603_1608Metric,1,OPO_U1,-0.775,0.0,0.9,0.95
C414,Capacitor_SMD:C_0603_1608Metric,2,OPN_U1,0.775,0.0,0.9,0.95
C415,Capacitor_SMD:C_0402_1005Metric,1,VM,-0.48,0.0,0.56,0.62
C415,Capacitor_SMD:C_0402_1005Metric,2,SHUNT_U_FORCE_P,0.48,0.0,0.56,0.62
C421,Capacitor_SMD:C_0603_1608Metric,1,BOOT2,-0.775,0.0,0.9,0.95
C421,Capacitor_SMD:C_0603_1608Metric,2,OUT2,0.775,0.0,0.9,0.95
C422,Capacitor_SMD:C_1210_3225Metric,1,VM,-1.475,0.0,1.15,2.7
C422,Capacitor_SMD:C_1210_3225Metric,2,GND,1.475,0.0,1.15,2.7
C423,Capacitor_SMD:C_1210_3225Metric,1,SNUB_V,-1.475,0.0,1.15,2.7
C423,Capacitor_SMD:C_1210_3225Metric,2,GND,1.475,0.0,1.15,2.7
C424,Capacitor_SMD:C_0603_1608Metric,1,OPO_V1,-0.775,0.0,0.9,0.95
C424,Capacitor_SMD:C_0603_1608Metric,2,OPN_V1,0.775,0.0,0.9,0.95
C425,Capacitor_SMD:C_0402_1005Metric,1,VM,-0.48,0.0,0.56,0.62
C425,Capacitor_SMD:C_0402_1005Metric,2,SHUNT_V_FORCE_P,0.48,0.0,0.56,0.62
C431,Capacitor_SMD:C_0603_1608Metric,1,BOOT3,-0.775,0.0,0.9,0.95
C431,Capacitor_SMD:C_0603_1608Metric,2,OUT3,0.775,0.0,0.9,0.95
C432,Capacitor_SMD:C_1210_3225Metric,1,VM,-1.475,0.0,1.15,2.7
C432,Capacitor_SMD:C_1210_3225Metric,2,GND,1.475,0.0,1.15,2.7
C433,Capacitor_SMD:C_1210_3225Metric,1,SNUB_W,-1.475,0.0,1.15,2.7
C433,Capacitor_SMD:C_1210_3225Metric,2,GND,1.475,0.0,1.15,2.7
C434,Capacitor_SMD:C_0603_1608Metric,1,OPO_W1,-0.775,0.0,0.9,0.95
C434,Capacitor_SMD:C_0603_1608Metric,2,OPN_W1,0.775,0.0,0.9,0.95
C435,Capacitor_SMD:C_0402_1005Metric,1,VM,-0.48,0.0,0.56,0.62
C435,Capacitor_SMD:C_0402_1005Metric,2,SHUNT_W_FORCE_P,0.48,0.0,0.56,0.62
C501,Capacitor_SMD:C_0603_1608Metric,1,VCC,-0.775,0.0,0.9,0.95
C501,Capacitor_SMD:C_0603_1608Metric,2,GND,0.775,0.0,0.9,0.95
C502,Capacitor_SMD:C_0603_1608Metric,1,VCC,-0.775,0.0,0.9,0.95
C502,Capacitor_SMD:C_0603_1608Metric,2,GND,0.775,0.0,0.9,0.95
C503,Capacitor_SMD:C_0603_1608Metric,1,3V3,-0.775,0.0,0.9,0.95
C503,Capacitor_SMD:C_0603_1608Metric,2,GND,0.775,0.0,0.9,0.95
C504,Capacitor_SMD:C_0603_1608Metric,1,BRAKE_OV_SENSE,-0.775,0.0,0.9,0.95
C504,Capacitor_SMD:C_0603_1608Metric,2,GND,0.775,0.0,0.9,0.95
C601,Capacitor_SMD:C_0603_1608Metric,1,3V3,-0.775,0.0,0.9,0.95
C601,Capacitor_SMD:C_0603_1608Metric,2,GND,0.775,0.0,0.9,0.95
C602,Capacitor_SMD:C_0603_1608Metric,1,3V3,-0.775,0.0,0.9,0.95
C602,Capacitor_SMD:C_0603_1608Metric,2,GND,0.775,0.0,0.9,0.95
C603,Capacitor_SMD:C_0603_1608Metric,1,3V3,-0.775,0.0,0.9,0.95
C603,Capacitor_SMD:C_0603_1608Metric,2,GND,0.775,0.0,0.9,0.95
C604,Capacitor_SMD:C_0603_1608Metric,1,FB_ESD_RAIL,-0.775,0.0,0.9,0.95
C604,Capacitor_SMD:C_0603_1608Metric,2,GND,0.775,0.0,0.9,0.95
C701,Capacitor_SMD:C_0603_1608Metric,1,3V3,-0.775,0.0,0.9,0.95
C701,Capacitor_SMD:C_0603_1608Metric,2,GND,0.775,0.0,0.9,0.95
C702,Capacitor_SMD:C_0603_1608Metric,1,3V3,-0.775,0.0,0.9,0.95
C702,Capacitor_SMD:C_0603_1608Metric,2,GND,0.775,0.0,0.9,0.95
C711,Capacitor_SMD:C_0603_1608Metric,1,NTC_PHASE_A,-0.775,0.0,0.9,0.95
C711,Capacitor_SMD:C_0603_1608Metric,2,GND,0.775,0.0,0.9,0.95
C712,Capacitor_SMD:C_0603_1608Metric,1,NTC_PHASE_B,-0.775,0.0,0.9,0.95
C712,Capacitor_SMD:C_0603_1608Metric,2,GND,0.775,0.0,0.9,0.95
C713,Capacitor_SMD:C_0603_1608Metric,1,NTC_PHASE_C,-0.775,0.0,0.9,0.95
C713,Capacitor_SMD:C_0603_1608Metric,2,GND,0.775,0.0,0.9,0.95
C801,Capacitor_SMD:C_0603_1608Metric,1,3V3,-0.775,0.0,0.9,0.95
C801,Capacitor_SMD:C_0603_1608Metric,2,GND,0.775,0.0,0.9,0.95
C802,Capacitor_SMD:C_0603_1608Metric,1,3V3,-0.775,0.0,0.9,0.95
C802,Capacitor_SMD:C_0603_1608Metric,2,GND,0.775,0.0,0.9,0.95
C901,Capacitor_SMD:C_0603_1608Metric,1,3V3,-0.775,0.0,0.9,0.95
C901,Capacitor_SMD:C_0603_1608Metric,2,GND,0.775,0.0,0.9,0.95
C902,Capacitor_SMD:C_0603_1608Metric,1,3V3,-0.775,0.0,0.9,0.95
C902,Capacitor_SMD:C_0603_1608Metric,2,GND,0.775,0.0,0.9,0.95
C903,Capacitor_SMD:C_0603_1608Metric,1,3V3,-0.775,0.0,0.9,0.95
C903,Capacitor_SMD:C_0603_1608Metric,2,GND,0.775,0.0,0.9,0.95
C904,Capacitor_SMD:C_0603_1608Metric,1,3V3,-0.775,0.0,0.9,0.95
C904,Capacitor_SMD:C_0603_1608Metric,2,GND,0.775,0.0,0.9,0.95
D101,Diode_SMD:D_SMC,1,VM,-3.4,0.0,3.3,2.5
D101,Diode_SMD:D_SMC,2,GND,3.4,0.0,3.3,2.5
D301,LED_SMD:LED_0603_1608Metric,1,STATUS_LED_RED,-0.7875,0.0,0.875,0.95
D301,LED_SMD:LED_0603_1608Metric,2,STATUS_LED_A,0.7875,0.0,0.875,0.95
D302,Diode_SMD:D_SMA,1,VCC_SW,-2.0,0.0,2.5,1.8
D302,Diode_SMD:D_SMA,2,GND,2.0,0.0,2.5,1.8
D501,Diode_SMD:D_SOD-123,1,BRAKE_GATE,-1.65,0.0,0.9,1.2
D501,Diode_SMD:D_SOD-123,2,GND,1.65,0.0,0.9,1.2
D502,Diode_SMD:D_SOD-123F,1,BRAKE_PWM_DRV,-1.4,0.0,1.1,1.1
D502,Diode_SMD:D_SOD-123F,2,BRAKE_PWM_SER,1.4,0.0,1.1,1.1
D503,Diode_SMD:D_SOD-123F,1,BRAKE_PWM_DRV,-1.4,0.0,1.1,1.1
D503,Diode_SMD:D_SOD-123F,2,BRAKE_OV_CMD,1.4,0.0,1.1,1.1
D504,Diode_SMD:D_SMC,1,VM,-3.4,0.0,3.3,2.5
D504,Diode_SMD:D_SMC,2,BRK_SW,3.4,0.0,3.3,2.5
D601,Package_TO_SOT_SMD:Texas_R-PDSO-N5_DRL-5,1,EXT_A_U_CONN,-0.74,-0.5,0.67,0.3
D601,Package_TO_SOT_SMD:Texas_R-PDSO-N5_DRL-5,2,EXT_B_V_CONN,-0.74,0.0,0.67,0.3
D601,Package_TO_SOT_SMD:Texas_R-PDSO-N5_DRL-5,3,GND,-0.74,0.5,0.67,0.3
D601,Package_TO_SOT_SMD:Texas_R-PDSO-N5_DRL-5,4,EXT_I_W_CONN,0.74,0.5,0.67,0.3
D601,Package_TO_SOT_SMD:Texas_R-PDSO-N5_DRL-5,5,FB_ESD_RAIL,0.74,-0.5,0.67,0.3
D801,Package_TO_SOT_SMD:SOT-23,1,CANH_BUS,-0.9375,-0.95,1.475,0.6
D801,Package_TO_SOT_SMD:SOT-23,2,CANL_BUS,-0.9375,0.95,1.475,0.6
D801,Package_TO_SOT_SMD:SOT-23,3,GND,0.9375,0.0,1.475,0.6
J1001,Connector_PinHeader_1.27mm:PinHeader_2x05_P1.27mm_Vertical_SMD,1,3V3,-1.95,-2.54,2.4,0.74
J1001,Connector_PinHeader_1.27mm:PinHeader_2x05_P1.27mm_Vertical_SMD,2,SWDIO,1.95,-2.54,2.4,0.74
J1001,Connector_PinHeader_1.27mm:PinHeader_2x05_P1.27mm_Vertical_SMD,3,GND,-1.95,-1.27,2.4,0.74
J1001,Connector_PinHeader_1.27mm:PinHeader_2x05_P1.27mm_Vertical_SMD,4,SWCLK,1.95,-1.27,2.4,0.74
J1001,Connector_PinHeader_1.27mm:PinHeader_2x05_P1.27mm_Vertical_SMD,5,GND,-1.95,0.0,2.4,0.74
J1001,Connector_PinHeader_1.27mm:PinHeader_2x05_P1.27mm_Vertical_SMD,6,NC,1.95,0.0,2.4,0.74
J1001,Connector_PinHeader_1.27mm:PinHeader_2x05_P1.27mm_Vertical_SMD,7,NC,-1.95,1.27,2.4,0.74
J1001,Connector_PinHeader_1.27mm:PinHeader_2x05_P1.27mm_Vertical_SMD,8,NC,1.95,1.27,2.4,0.74
J1001,Connector_PinHeader_1.27mm:PinHeader_2x05_P1.27mm_Vertical_SMD,9,GND,-1.95,2.54,2.4,0.74
J1001,Connector_PinHeader_1.27mm:PinHeader_2x05_P1.27mm_Vertical_SMD,10,NRST,1.95,2.54,2.4,0.74
J101,Connector_AMASS:AMASS_XT60PW-M_1x02_P7.20mm_Horizontal,,MECHANICAL/PASTE,-3.15,-6.0,0.9,2.0
J101,Connector_AMASS:AMASS_XT60PW-M_1x02_P7.20mm_Horizontal,,MECHANICAL/PASTE,10.35,-6.0,0.9,2.0
J101,Connector_AMASS:AMASS_XT60PW-M_1x02_P7.20mm_Horizontal,1,GND,0.0,0.0,4.1,4.1
J101,Connector_AMASS:AMASS_XT60PW-M_1x02_P7.20mm_Horizontal,2,VM,7.2,0.0,4.1,4.1
J201,Connector_USB:USB_C_Receptacle_HRO_TYPE-C-31-M-12,,MECHANICAL/PASTE,-2.89,-2.6,0.65,0.65
J201,Connector_USB:USB_C_Receptacle_HRO_TYPE-C-31-M-12,,MECHANICAL/PASTE,2.89,-2.6,0.65,0.65
J201,Connector_USB:USB_C_Receptacle_HRO_TYPE-C-31-M-12,A1,GND,-3.25,-4.045,0.6,1.45
J201,Connector_USB:USB_C_Receptacle_HRO_TYPE-C-31-M-12,A4,5V_USB_RAW,-2.45,-4.045,0.6,1.45
J201,Connector_USB:USB_C_Receptacle_HRO_TYPE-C-31-M-12,A5,USB_CC1,-1.25,-4.045,0.3,1.45
J201,Connector_USB:USB_C_Receptacle_HRO_TYPE-C-31-M-12,A6,USB_DP_CONN,-0.25,-4.045,0.3,1.45
J201,Connector_USB:USB_C_Receptacle_HRO_TYPE-C-31-M-12,A7,USB_DM_CONN,0.25,-4.045,0.3,1.45
J201,Connector_USB:USB_C_Receptacle_HRO_TYPE-C-31-M-12,A8,NC,1.25,-4.045,0.3,1.45
J201,Connector_USB:USB_C_Receptacle_HRO_TYPE-C-31-M-12,A9,5V_USB_RAW,2.45,-4.045,0.6,1.45
J201,Connector_USB:USB_C_Receptacle_HRO_TYPE-C-31-M-12,A12,GND,3.25,-4.045,0.6,1.45
J201,Connector_USB:USB_C_Receptacle_HRO_TYPE-C-31-M-12,B1,GND,3.25,-4.045,0.6,1.45
J201,Connector_USB:USB_C_Receptacle_HRO_TYPE-C-31-M-12,B4,5V_USB_RAW,2.45,-4.045,0.6,1.45
J201,Connector_USB:USB_C_Receptacle_HRO_TYPE-C-31-M-12,B5,USB_CC2,1.75,-4.045,0.3,1.45
J201,Connector_USB:USB_C_Receptacle_HRO_TYPE-C-31-M-12,B6,USB_DP_CONN,0.75,-4.045,0.3,1.45
J201,Connector_USB:USB_C_Receptacle_HRO_TYPE-C-31-M-12,B7,USB_DM_CONN,-0.75,-4.045,0.3,1.45
J201,Connector_USB:USB_C_Receptacle_HRO_TYPE-C-31-M-12,B8,NC,-1.75,-4.045,0.3,1.45
J201,Connector_USB:USB_C_Receptacle_HRO_TYPE-C-31-M-12,B9,5V_USB_RAW,-2.45,-4.045,0.6,1.45
J201,Connector_USB:USB_C_Receptacle_HRO_TYPE-C-31-M-12,B12,GND,-3.25,-4.045,0.6,1.45
J201,Connector_USB:USB_C_Receptacle_HRO_TYPE-C-31-M-12,S1,USB_SHIELD,-4.32,-3.13,1.0,2.1
J201,Connector_USB:USB_C_Receptacle_HRO_TYPE-C-31-M-12,S1,USB_SHIELD,-4.32,1.05,1.0,1.6
J201,Connector_USB:USB_C_Receptacle_HRO_TYPE-C-31-M-12,S1,USB_SHIELD,4.32,-3.13,1.0,2.1
J201,Connector_USB:USB_C_Receptacle_HRO_TYPE-C-31-M-12,S1,USB_SHIELD,4.32,1.05,1.0,1.6
J401,Connector_Wire:SolderWire-6sqmm_1x03_P14mm_D3.5mm_OD7mm,1,OUT1,0.0,0.0,7.0,7.0
J401,Connector_Wire:SolderWire-6sqmm_1x03_P14mm_D3.5mm_OD7mm,2,OUT2,14.0,0.0,7.0,7.0
J401,Connector_Wire:SolderWire-6sqmm_1x03_P14mm_D3.5mm_OD7mm,3,OUT3,28.0,0.0,7.0,7.0
J501,Connector_Wire:SolderWire-2sqmm_1x02_P7.8mm_D2mm_OD3.9mm,1,VM,0.0,0.0,3.9,3.9
J501,Connector_Wire:SolderWire-2sqmm_1x02_P7.8mm_D2mm_OD3.9mm,2,BRK_SW,7.8,0.0,3.9,3.9
J601,Connector_JST:JST_GH_BM06B-GHS-TBT_1x06-1MP_P1.25mm_Vertical,1,3V3_EXT_FB,-3.125,1.95,0.6,1.7
J601,Connector_JST:JST_GH_BM06B-GHS-TBT_1x06-1MP_P1.25mm_Vertical,2,GND,-1.875,1.95,0.6,1.7
J601,Connector_JST:JST_GH_BM06B-GHS-TBT_1x06-1MP_P1.25mm_Vertical,3,EXT_A_U_CONN,-0.625,1.95,0.6,1.7
J601,Connector_JST:JST_GH_BM06B-GHS-TBT_1x06-1MP_P1.25mm_Vertical,4,EXT_B_V_CONN,0.625,1.95,0.6,1.7
J601,Connector_JST:JST_GH_BM06B-GHS-TBT_1x06-1MP_P1.25mm_Vertical,5,EXT_I_W_CONN,1.875,1.95,0.6,1.7
J601,Connector_JST:JST_GH_BM06B-GHS-TBT_1x06-1MP_P1.25mm_Vertical,6,NC,3.125,1.95,0.6,1.7
J601,Connector_JST:JST_GH_BM06B-GHS-TBT_1x06-1MP_P1.25mm_Vertical,MP,MECHANICAL/PASTE,-4.975,-1.4,1.0,2.8
J601,Connector_JST:JST_GH_BM06B-GHS-TBT_1x06-1MP_P1.25mm_Vertical,MP,MECHANICAL/PASTE,4.975,-1.4,1.0,2.8
J801,Connector_JST:JST_GH_BM04B-GHS-TBT_1x04-1MP_P1.25mm_Vertical,1,GND,-1.875,1.95,0.6,1.7
J801,Connector_JST:JST_GH_BM04B-GHS-TBT_1x04-1MP_P1.25mm_Vertical,2,CANL_BUS,-0.625,1.95,0.6,1.7
J801,Connector_JST:JST_GH_BM04B-GHS-TBT_1x04-1MP_P1.25mm_Vertical,3,CANH_BUS,0.625,1.95,0.6,1.7
J801,Connector_JST:JST_GH_BM04B-GHS-TBT_1x04-1MP_P1.25mm_Vertical,4,CAN_SHIELD,1.875,1.95,0.6,1.7
J801,Connector_JST:JST_GH_BM04B-GHS-TBT_1x04-1MP_P1.25mm_Vertical,MP,MECHANICAL/PASTE,-3.725,-1.4,1.0,2.8
J801,Connector_JST:JST_GH_BM04B-GHS-TBT_1x04-1MP_P1.25mm_Vertical,MP,MECHANICAL/PASTE,3.725,-1.4,1.0,2.8
J802,Connector_JST:JST_GH_BM04B-GHS-TBT_1x04-1MP_P1.25mm_Vertical,1,GND,-1.875,1.95,0.6,1.7
J802,Connector_JST:JST_GH_BM04B-GHS-TBT_1x04-1MP_P1.25mm_Vertical,2,CANL_BUS,-0.625,1.95,0.6,1.7
J802,Connector_JST:JST_GH_BM04B-GHS-TBT_1x04-1MP_P1.25mm_Vertical,3,CANH_BUS,0.625,1.95,0.6,1.7
J802,Connector_JST:JST_GH_BM04B-GHS-TBT_1x04-1MP_P1.25mm_Vertical,4,CAN_SHIELD,1.875,1.95,0.6,1.7
J802,Connector_JST:JST_GH_BM04B-GHS-TBT_1x04-1MP_P1.25mm_Vertical,MP,MECHANICAL/PASTE,-3.725,-1.4,1.0,2.8
J802,Connector_JST:JST_GH_BM04B-GHS-TBT_1x04-1MP_P1.25mm_Vertical,MP,MECHANICAL/PASTE,3.725,-1.4,1.0,2.8
JP801,Jumper:SolderJumper-2_P1.3mm_Open_Pad1.0x1.5mm,1,CAN_TERM_MID,-0.65,0.0,1.0,1.5
JP801,Jumper:SolderJumper-2_P1.3mm_Open_Pad1.0x1.5mm,2,CANL_BUS,0.65,0.0,1.0,1.5
L201,ShiroFOC_Footprints:WE_LHMI_7050_74437349220,1,5V_SW,-2.725,0.0,2.95,3.5
L201,ShiroFOC_Footprints:WE_LHMI_7050_74437349220,2,5V_BAT,2.725,0.0,2.95,3.5
L301,ShiroFOC_Footprints:WE_LHMI_7050_74437349220,1,VCC_SW,-2.725,0.0,2.95,3.5
L301,ShiroFOC_Footprints:WE_LHMI_7050_74437349220,2,VCC,2.725,0.0,2.95,3.5
Q401,ShiroFOC_Footprints:CSD88599Q5DC_DMM0022A,1,GHS1_GATE,-2.35,-2.5,0.7,0.25
Q401,ShiroFOC_Footprints:CSD88599Q5DC_DMM0022A,2,OUT1,-2.35,-2.0,0.7,0.25
Q401,ShiroFOC_Footprints:CSD88599Q5DC_DMM0022A,3,OUT1,-2.35,-1.5,0.7,0.25
Q401,ShiroFOC_Footprints:CSD88599Q5DC_DMM0022A,4,OUT1,-2.35,-1.0,0.7,0.25
Q401,ShiroFOC_Footprints:CSD88599Q5DC_DMM0022A,5,OUT1,-2.35,-0.5,0.7,0.25
Q401,ShiroFOC_Footprints:CSD88599Q5DC_DMM0022A,6,OUT1,-2.35,0.0,0.7,0.25
Q401,ShiroFOC_Footprints:CSD88599Q5DC_DMM0022A,7,OUT1,-2.35,0.5,0.7,0.25
Q401,ShiroFOC_Footprints:CSD88599Q5DC_DMM0022A,8,OUT1,-2.35,1.0,0.7,0.25
Q401,ShiroFOC_Footprints:CSD88599Q5DC_DMM0022A,9,OUT1,-2.35,1.5,0.7,0.25
Q401,ShiroFOC_Footprints:CSD88599Q5DC_DMM0022A,10,OUT1,-2.35,2.0,0.7,0.25
Q401,ShiroFOC_Footprints:CSD88599Q5DC_DMM0022A,11,OUT1,-2.35,2.5,0.7,0.25
Q401,ShiroFOC_Footprints:CSD88599Q5DC_DMM0022A,12,SHUNT_U_FORCE_P,2.35,2.5,0.7,0.25
Q401,ShiroFOC_Footprints:CSD88599Q5DC_DMM0022A,13,SHUNT_U_FORCE_P,2.35,2.0,0.7,0.25
Q401,ShiroFOC_Footprints:CSD88599Q5DC_DMM0022A,14,SHUNT_U_FORCE_P,2.35,1.5,0.7,0.25
Q401,ShiroFOC_Footprints:CSD88599Q5DC_DMM0022A,15,SHUNT_U_FORCE_P,2.35,1.0,0.7,0.25
Q401,ShiroFOC_Footprints:CSD88599Q5DC_DMM0022A,16,SHUNT_U_FORCE_P,2.35,0.5,0.7,0.25
Q401,ShiroFOC_Footprints:CSD88599Q5DC_DMM0022A,17,SHUNT_U_FORCE_P,2.35,0.0,0.7,0.25
Q401,ShiroFOC_Footprints:CSD88599Q5DC_DMM0022A,18,SHUNT_U_FORCE_P,2.35,-0.5,0.7,0.25
Q401,ShiroFOC_Footprints:CSD88599Q5DC_DMM0022A,19,SHUNT_U_FORCE_P,2.35,-1.0,0.7,0.25
Q401,ShiroFOC_Footprints:CSD88599Q5DC_DMM0022A,20,SHUNT_U_FORCE_P,2.35,-1.5,0.7,0.25
Q401,ShiroFOC_Footprints:CSD88599Q5DC_DMM0022A,21,NC,2.35,-2.0,0.7,0.25
Q401,ShiroFOC_Footprints:CSD88599Q5DC_DMM0022A,22,GLS1_GATE,2.35,-2.5,0.7,0.25
Q401,ShiroFOC_Footprints:CSD88599Q5DC_DMM0022A,3,OUT1,-2.35,0.5,0.8,4.35
Q401,ShiroFOC_Footprints:CSD88599Q5DC_DMM0022A,12,SHUNT_U_FORCE_P,2.35,0.5,0.8,4.35
Q401,ShiroFOC_Footprints:CSD88599Q5DC_DMM0022A,23,NC,-2.115,-3.013,0.43,0.375
Q401,ShiroFOC_Footprints:CSD88599Q5DC_DMM0022A,24,NC,-2.115,3.013,0.43,0.375
Q401,ShiroFOC_Footprints:CSD88599Q5DC_DMM0022A,25,NC,2.115,3.013,0.43,0.375
Q401,ShiroFOC_Footprints:CSD88599Q5DC_DMM0022A,26,NC,2.115,-3.013,0.43,0.375
Q401,ShiroFOC_Footprints:CSD88599Q5DC_DMM0022A,27,VM,0.0,0.0,3.3,5.4
Q401,ShiroFOC_Footprints:CSD88599Q5DC_DMM0022A,,MECHANICAL/PASTE,-0.8,-1.98,1.41,1.12
Q401,ShiroFOC_Footprints:CSD88599Q5DC_DMM0022A,,MECHANICAL/PASTE,-0.8,-0.66,1.41,1.12
Q401,ShiroFOC_Footprints:CSD88599Q5DC_DMM0022A,,MECHANICAL/PASTE,-0.8,0.66,1.41,1.12
Q401,ShiroFOC_Footprints:CSD88599Q5DC_DMM0022A,,MECHANICAL/PASTE,-0.8,1.98,1.41,1.12
Q401,ShiroFOC_Footprints:CSD88599Q5DC_DMM0022A,,MECHANICAL/PASTE,0.8,-1.98,1.41,1.12
Q401,ShiroFOC_Footprints:CSD88599Q5DC_DMM0022A,,MECHANICAL/PASTE,0.8,-0.66,1.41,1.12
Q401,ShiroFOC_Footprints:CSD88599Q5DC_DMM0022A,,MECHANICAL/PASTE,0.8,0.66,1.41,1.12
Q401,ShiroFOC_Footprints:CSD88599Q5DC_DMM0022A,,MECHANICAL/PASTE,0.8,1.98,1.41,1.12
Q401,ShiroFOC_Footprints:CSD88599Q5DC_DMM0022A,27,VM,-1.4,-1.32,0.45,0.45
Q401,ShiroFOC_Footprints:CSD88599Q5DC_DMM0022A,27,VM,-1.4,0.0,0.45,0.45
Q401,ShiroFOC_Footprints:CSD88599Q5DC_DMM0022A,27,VM,-1.4,1.32,0.45,0.45
Q401,ShiroFOC_Footprints:CSD88599Q5DC_DMM0022A,27,VM,0.0,-1.32,0.45,0.45
Q401,ShiroFOC_Footprints:CSD88599Q5DC_DMM0022A,27,VM,0.0,0.0,0.45,0.45
Q401,ShiroFOC_Footprints:CSD88599Q5DC_DMM0022A,27,VM,0.0,1.32,0.45,0.45
Q401,ShiroFOC_Footprints:CSD88599Q5DC_DMM0022A,27,VM,1.4,-1.32,0.45,0.45
Q401,ShiroFOC_Footprints:CSD88599Q5DC_DMM0022A,27,VM,1.4,0.0,0.45,0.45
Q401,ShiroFOC_Footprints:CSD88599Q5DC_DMM0022A,27,VM,1.4,1.32,0.45,0.45
Q402,ShiroFOC_Footprints:CSD88599Q5DC_DMM0022A,1,GHS2_GATE,-2.35,-2.5,0.7,0.25
Q402,ShiroFOC_Footprints:CSD88599Q5DC_DMM0022A,2,OUT2,-2.35,-2.0,0.7,0.25
Q402,ShiroFOC_Footprints:CSD88599Q5DC_DMM0022A,3,OUT2,-2.35,-1.5,0.7,0.25
Q402,ShiroFOC_Footprints:CSD88599Q5DC_DMM0022A,4,OUT2,-2.35,-1.0,0.7,0.25
Q402,ShiroFOC_Footprints:CSD88599Q5DC_DMM0022A,5,OUT2,-2.35,-0.5,0.7,0.25
Q402,ShiroFOC_Footprints:CSD88599Q5DC_DMM0022A,6,OUT2,-2.35,0.0,0.7,0.25
Q402,ShiroFOC_Footprints:CSD88599Q5DC_DMM0022A,7,OUT2,-2.35,0.5,0.7,0.25
Q402,ShiroFOC_Footprints:CSD88599Q5DC_DMM0022A,8,OUT2,-2.35,1.0,0.7,0.25
Q402,ShiroFOC_Footprints:CSD88599Q5DC_DMM0022A,9,OUT2,-2.35,1.5,0.7,0.25
Q402,ShiroFOC_Footprints:CSD88599Q5DC_DMM0022A,10,OUT2,-2.35,2.0,0.7,0.25
Q402,ShiroFOC_Footprints:CSD88599Q5DC_DMM0022A,11,OUT2,-2.35,2.5,0.7,0.25
Q402,ShiroFOC_Footprints:CSD88599Q5DC_DMM0022A,12,SHUNT_V_FORCE_P,2.35,2.5,0.7,0.25
Q402,ShiroFOC_Footprints:CSD88599Q5DC_DMM0022A,13,SHUNT_V_FORCE_P,2.35,2.0,0.7,0.25
Q402,ShiroFOC_Footprints:CSD88599Q5DC_DMM0022A,14,SHUNT_V_FORCE_P,2.35,1.5,0.7,0.25
Q402,ShiroFOC_Footprints:CSD88599Q5DC_DMM0022A,15,SHUNT_V_FORCE_P,2.35,1.0,0.7,0.25
Q402,ShiroFOC_Footprints:CSD88599Q5DC_DMM0022A,16,SHUNT_V_FORCE_P,2.35,0.5,0.7,0.25
Q402,ShiroFOC_Footprints:CSD88599Q5DC_DMM0022A,17,SHUNT_V_FORCE_P,2.35,0.0,0.7,0.25
Q402,ShiroFOC_Footprints:CSD88599Q5DC_DMM0022A,18,SHUNT_V_FORCE_P,2.35,-0.5,0.7,0.25
Q402,ShiroFOC_Footprints:CSD88599Q5DC_DMM0022A,19,SHUNT_V_FORCE_P,2.35,-1.0,0.7,0.25
Q402,ShiroFOC_Footprints:CSD88599Q5DC_DMM0022A,20,SHUNT_V_FORCE_P,2.35,-1.5,0.7,0.25
Q402,ShiroFOC_Footprints:CSD88599Q5DC_DMM0022A,21,NC,2.35,-2.0,0.7,0.25
Q402,ShiroFOC_Footprints:CSD88599Q5DC_DMM0022A,22,GLS2_GATE,2.35,-2.5,0.7,0.25
Q402,ShiroFOC_Footprints:CSD88599Q5DC_DMM0022A,3,OUT2,-2.35,0.5,0.8,4.35
Q402,ShiroFOC_Footprints:CSD88599Q5DC_DMM0022A,12,SHUNT_V_FORCE_P,2.35,0.5,0.8,4.35
Q402,ShiroFOC_Footprints:CSD88599Q5DC_DMM0022A,23,NC,-2.115,-3.013,0.43,0.375
Q402,ShiroFOC_Footprints:CSD88599Q5DC_DMM0022A,24,NC,-2.115,3.013,0.43,0.375
Q402,ShiroFOC_Footprints:CSD88599Q5DC_DMM0022A,25,NC,2.115,3.013,0.43,0.375
Q402,ShiroFOC_Footprints:CSD88599Q5DC_DMM0022A,26,NC,2.115,-3.013,0.43,0.375
Q402,ShiroFOC_Footprints:CSD88599Q5DC_DMM0022A,27,VM,0.0,0.0,3.3,5.4
Q402,ShiroFOC_Footprints:CSD88599Q5DC_DMM0022A,,MECHANICAL/PASTE,-0.8,-1.98,1.41,1.12
Q402,ShiroFOC_Footprints:CSD88599Q5DC_DMM0022A,,MECHANICAL/PASTE,-0.8,-0.66,1.41,1.12
Q402,ShiroFOC_Footprints:CSD88599Q5DC_DMM0022A,,MECHANICAL/PASTE,-0.8,0.66,1.41,1.12
Q402,ShiroFOC_Footprints:CSD88599Q5DC_DMM0022A,,MECHANICAL/PASTE,-0.8,1.98,1.41,1.12
Q402,ShiroFOC_Footprints:CSD88599Q5DC_DMM0022A,,MECHANICAL/PASTE,0.8,-1.98,1.41,1.12
Q402,ShiroFOC_Footprints:CSD88599Q5DC_DMM0022A,,MECHANICAL/PASTE,0.8,-0.66,1.41,1.12
Q402,ShiroFOC_Footprints:CSD88599Q5DC_DMM0022A,,MECHANICAL/PASTE,0.8,0.66,1.41,1.12
Q402,ShiroFOC_Footprints:CSD88599Q5DC_DMM0022A,,MECHANICAL/PASTE,0.8,1.98,1.41,1.12
Q402,ShiroFOC_Footprints:CSD88599Q5DC_DMM0022A,27,VM,-1.4,-1.32,0.45,0.45
Q402,ShiroFOC_Footprints:CSD88599Q5DC_DMM0022A,27,VM,-1.4,0.0,0.45,0.45
Q402,ShiroFOC_Footprints:CSD88599Q5DC_DMM0022A,27,VM,-1.4,1.32,0.45,0.45
Q402,ShiroFOC_Footprints:CSD88599Q5DC_DMM0022A,27,VM,0.0,-1.32,0.45,0.45
Q402,ShiroFOC_Footprints:CSD88599Q5DC_DMM0022A,27,VM,0.0,0.0,0.45,0.45
Q402,ShiroFOC_Footprints:CSD88599Q5DC_DMM0022A,27,VM,0.0,1.32,0.45,0.45
Q402,ShiroFOC_Footprints:CSD88599Q5DC_DMM0022A,27,VM,1.4,-1.32,0.45,0.45
Q402,ShiroFOC_Footprints:CSD88599Q5DC_DMM0022A,27,VM,1.4,0.0,0.45,0.45
Q402,ShiroFOC_Footprints:CSD88599Q5DC_DMM0022A,27,VM,1.4,1.32,0.45,0.45
Q403,ShiroFOC_Footprints:CSD88599Q5DC_DMM0022A,1,GHS3_GATE,-2.35,-2.5,0.7,0.25
Q403,ShiroFOC_Footprints:CSD88599Q5DC_DMM0022A,2,OUT3,-2.35,-2.0,0.7,0.25
Q403,ShiroFOC_Footprints:CSD88599Q5DC_DMM0022A,3,OUT3,-2.35,-1.5,0.7,0.25
Q403,ShiroFOC_Footprints:CSD88599Q5DC_DMM0022A,4,OUT3,-2.35,-1.0,0.7,0.25
Q403,ShiroFOC_Footprints:CSD88599Q5DC_DMM0022A,5,OUT3,-2.35,-0.5,0.7,0.25
Q403,ShiroFOC_Footprints:CSD88599Q5DC_DMM0022A,6,OUT3,-2.35,0.0,0.7,0.25
Q403,ShiroFOC_Footprints:CSD88599Q5DC_DMM0022A,7,OUT3,-2.35,0.5,0.7,0.25
Q403,ShiroFOC_Footprints:CSD88599Q5DC_DMM0022A,8,OUT3,-2.35,1.0,0.7,0.25
Q403,ShiroFOC_Footprints:CSD88599Q5DC_DMM0022A,9,OUT3,-2.35,1.5,0.7,0.25
Q403,ShiroFOC_Footprints:CSD88599Q5DC_DMM0022A,10,OUT3,-2.35,2.0,0.7,0.25
Q403,ShiroFOC_Footprints:CSD88599Q5DC_DMM0022A,11,OUT3,-2.35,2.5,0.7,0.25
Q403,ShiroFOC_Footprints:CSD88599Q5DC_DMM0022A,12,SHUNT_W_FORCE_P,2.35,2.5,0.7,0.25
Q403,ShiroFOC_Footprints:CSD88599Q5DC_DMM0022A,13,SHUNT_W_FORCE_P,2.35,2.0,0.7,0.25
Q403,ShiroFOC_Footprints:CSD88599Q5DC_DMM0022A,14,SHUNT_W_FORCE_P,2.35,1.5,0.7,0.25
Q403,ShiroFOC_Footprints:CSD88599Q5DC_DMM0022A,15,SHUNT_W_FORCE_P,2.35,1.0,0.7,0.25
Q403,ShiroFOC_Footprints:CSD88599Q5DC_DMM0022A,16,SHUNT_W_FORCE_P,2.35,0.5,0.7,0.25
Q403,ShiroFOC_Footprints:CSD88599Q5DC_DMM0022A,17,SHUNT_W_FORCE_P,2.35,0.0,0.7,0.25
Q403,ShiroFOC_Footprints:CSD88599Q5DC_DMM0022A,18,SHUNT_W_FORCE_P,2.35,-0.5,0.7,0.25
Q403,ShiroFOC_Footprints:CSD88599Q5DC_DMM0022A,19,SHUNT_W_FORCE_P,2.35,-1.0,0.7,0.25
Q403,ShiroFOC_Footprints:CSD88599Q5DC_DMM0022A,20,SHUNT_W_FORCE_P,2.35,-1.5,0.7,0.25
Q403,ShiroFOC_Footprints:CSD88599Q5DC_DMM0022A,21,NC,2.35,-2.0,0.7,0.25
Q403,ShiroFOC_Footprints:CSD88599Q5DC_DMM0022A,22,GLS3_GATE,2.35,-2.5,0.7,0.25
Q403,ShiroFOC_Footprints:CSD88599Q5DC_DMM0022A,3,OUT3,-2.35,0.5,0.8,4.35
Q403,ShiroFOC_Footprints:CSD88599Q5DC_DMM0022A,12,SHUNT_W_FORCE_P,2.35,0.5,0.8,4.35
Q403,ShiroFOC_Footprints:CSD88599Q5DC_DMM0022A,23,NC,-2.115,-3.013,0.43,0.375
Q403,ShiroFOC_Footprints:CSD88599Q5DC_DMM0022A,24,NC,-2.115,3.013,0.43,0.375
Q403,ShiroFOC_Footprints:CSD88599Q5DC_DMM0022A,25,NC,2.115,3.013,0.43,0.375
Q403,ShiroFOC_Footprints:CSD88599Q5DC_DMM0022A,26,NC,2.115,-3.013,0.43,0.375
Q403,ShiroFOC_Footprints:CSD88599Q5DC_DMM0022A,27,VM,0.0,0.0,3.3,5.4
Q403,ShiroFOC_Footprints:CSD88599Q5DC_DMM0022A,,MECHANICAL/PASTE,-0.8,-1.98,1.41,1.12
Q403,ShiroFOC_Footprints:CSD88599Q5DC_DMM0022A,,MECHANICAL/PASTE,-0.8,-0.66,1.41,1.12
Q403,ShiroFOC_Footprints:CSD88599Q5DC_DMM0022A,,MECHANICAL/PASTE,-0.8,0.66,1.41,1.12
Q403,ShiroFOC_Footprints:CSD88599Q5DC_DMM0022A,,MECHANICAL/PASTE,-0.8,1.98,1.41,1.12
Q403,ShiroFOC_Footprints:CSD88599Q5DC_DMM0022A,,MECHANICAL/PASTE,0.8,-1.98,1.41,1.12
Q403,ShiroFOC_Footprints:CSD88599Q5DC_DMM0022A,,MECHANICAL/PASTE,0.8,-0.66,1.41,1.12
Q403,ShiroFOC_Footprints:CSD88599Q5DC_DMM0022A,,MECHANICAL/PASTE,0.8,0.66,1.41,1.12
Q403,ShiroFOC_Footprints:CSD88599Q5DC_DMM0022A,,MECHANICAL/PASTE,0.8,1.98,1.41,1.12
Q403,ShiroFOC_Footprints:CSD88599Q5DC_DMM0022A,27,VM,-1.4,-1.32,0.45,0.45
Q403,ShiroFOC_Footprints:CSD88599Q5DC_DMM0022A,27,VM,-1.4,0.0,0.45,0.45
Q403,ShiroFOC_Footprints:CSD88599Q5DC_DMM0022A,27,VM,-1.4,1.32,0.45,0.45
Q403,ShiroFOC_Footprints:CSD88599Q5DC_DMM0022A,27,VM,0.0,-1.32,0.45,0.45
Q403,ShiroFOC_Footprints:CSD88599Q5DC_DMM0022A,27,VM,0.0,0.0,0.45,0.45
Q403,ShiroFOC_Footprints:CSD88599Q5DC_DMM0022A,27,VM,0.0,1.32,0.45,0.45
Q403,ShiroFOC_Footprints:CSD88599Q5DC_DMM0022A,27,VM,1.4,-1.32,0.45,0.45
Q403,ShiroFOC_Footprints:CSD88599Q5DC_DMM0022A,27,VM,1.4,0.0,0.45,0.45
Q403,ShiroFOC_Footprints:CSD88599Q5DC_DMM0022A,27,VM,1.4,1.32,0.45,0.45
Q501,ShiroFOC_Footprints:CSD19531Q5A_Q5A_DQJ0008A,5,BRK_SW,-2.8,-1.905,0.655,0.675
Q501,ShiroFOC_Footprints:CSD19531Q5A_Q5A_DQJ0008A,,MECHANICAL/PASTE,-2.8,-1.905,0.5,0.5
Q501,ShiroFOC_Footprints:CSD19531Q5A_Q5A_DQJ0008A,6,BRK_SW,-2.8,-0.635,0.655,0.675
Q501,ShiroFOC_Footprints:CSD19531Q5A_Q5A_DQJ0008A,,MECHANICAL/PASTE,-2.8,-0.635,0.5,0.5
Q501,ShiroFOC_Footprints:CSD19531Q5A_Q5A_DQJ0008A,7,BRK_SW,-2.8,0.635,0.655,0.675
Q501,ShiroFOC_Footprints:CSD19531Q5A_Q5A_DQJ0008A,,MECHANICAL/PASTE,-2.8,0.635,0.5,0.5
Q501,ShiroFOC_Footprints:CSD19531Q5A_Q5A_DQJ0008A,8,BRK_SW,-2.8,1.905,0.655,0.675
Q501,ShiroFOC_Footprints:CSD19531Q5A_Q5A_DQJ0008A,,MECHANICAL/PASTE,-2.8,1.905,0.5,0.5
Q501,ShiroFOC_Footprints:CSD19531Q5A_Q5A_DQJ0008A,4,BRAKE_GATE,2.7525,-1.905,0.75,0.675
Q501,ShiroFOC_Footprints:CSD19531Q5A_Q5A_DQJ0008A,,MECHANICAL/PASTE,2.7525,-1.905,0.5,0.5
Q501,ShiroFOC_Footprints:CSD19531Q5A_Q5A_DQJ0008A,3,GND,2.7525,-0.635,0.75,0.675
Q501,ShiroFOC_Footprints:CSD19531Q5A_Q5A_DQJ0008A,,MECHANICAL/PASTE,2.7525,-0.635,0.5,0.5
Q501,ShiroFOC_Footprints:CSD19531Q5A_Q5A_DQJ0008A,2,GND,2.7525,0.635,0.75,0.675
Q501,ShiroFOC_Footprints:CSD19531Q5A_Q5A_DQJ0008A,,MECHANICAL/PASTE,2.7525,0.635,0.5,0.5
Q501,ShiroFOC_Footprints:CSD19531Q5A_Q5A_DQJ0008A,1,GND,2.7525,1.905,0.75,0.675
Q501,ShiroFOC_Footprints:CSD19531Q5A_Q5A_DQJ0008A,,MECHANICAL/PASTE,2.7525,1.905,0.5,0.5
Q501,ShiroFOC_Footprints:CSD19531Q5A_Q5A_DQJ0008A,5,BRK_SW,-0.325,0.0,4.295,4.51
Q501,ShiroFOC_Footprints:CSD19531Q5A_Q5A_DQJ0008A,,MECHANICAL/PASTE,-1.0425,-0.9775,1.585,1.57
Q501,ShiroFOC_Footprints:CSD19531Q5A_Q5A_DQJ0008A,,MECHANICAL/PASTE,-1.0425,0.9775,1.585,1.57
Q501,ShiroFOC_Footprints:CSD19531Q5A_Q5A_DQJ0008A,,MECHANICAL/PASTE,0.8675,-0.9775,1.235,1.57
Q501,ShiroFOC_Footprints:CSD19531Q5A_Q5A_DQJ0008A,,MECHANICAL/PASTE,0.8675,0.9775,1.235,1.57
R1001,Resistor_SMD:R_0603_1608Metric,1,FEEDBACK_I_H3,-0.825,0.0,0.8,0.95
R1001,Resistor_SMD:R_0603_1608Metric,2,BOOT0_PAD,0.825,0.0,0.8,0.95
R101,Resistor_SMD:R_1206_3216Metric,1,VM,-1.4625,0.0,1.125,1.75
R101,Resistor_SMD:R_1206_3216Metric,2,GND,1.4625,0.0,1.125,1.75
R102,Resistor_SMD:R_2512_6332Metric,1,VM,-2.9625,0.0,1.225,3.35
R102,Resistor_SMD:R_2512_6332Metric,2,VM_DAMP,2.9625,0.0,1.225,3.35
R103,Resistor_SMD:R_1206_3216Metric,1,VM,-1.4625,0.0,1.125,1.75
R103,Resistor_SMD:R_1206_3216Metric,2,VBUS_DIV_A,1.4625,0.0,1.125,1.75
R104,Resistor_SMD:R_1206_3216Metric,1,VBUS_DIV_A,-1.4625,0.0,1.125,1.75
R104,Resistor_SMD:R_1206_3216Metric,2,VBUS_DIV,1.4625,0.0,1.125,1.75
R105,Resistor_SMD:R_0603_1608Metric,1,VBUS_DIV,-0.825,0.0,0.8,0.95
R105,Resistor_SMD:R_0603_1608Metric,2,GND,0.825,0.0,0.8,0.95
R106,Resistor_SMD:R_0603_1608Metric,1,VBUS_DIV,-0.825,0.0,0.8,0.95
R106,Resistor_SMD:R_0603_1608Metric,2,VBUS_MUX_IN,0.825,0.0,0.8,0.95
R201,Resistor_SMD:R_0603_1608Metric,1,5V_BAT,-0.825,0.0,0.8,0.95
R201,Resistor_SMD:R_0603_1608Metric,2,5V_FB,0.825,0.0,0.8,0.95
R202,Resistor_SMD:R_0603_1608Metric,1,5V_FB,-0.825,0.0,0.8,0.95
R202,Resistor_SMD:R_0603_1608Metric,2,GND,0.825,0.0,0.8,0.95
R203,Resistor_SMD:R_0603_1608Metric,1,USB_CC1,-0.825,0.0,0.8,0.95
R203,Resistor_SMD:R_0603_1608Metric,2,GND,0.825,0.0,0.8,0.95
R204,Resistor_SMD:R_0603_1608Metric,1,USB_CC2,-0.825,0.0,0.8,0.95
R204,Resistor_SMD:R_0603_1608Metric,2,GND,0.825,0.0,0.8,0.95
R205,Resistor_SMD:R_0603_1608Metric,1,5V_USB_RAW,-0.825,0.0,0.8,0.95
R205,Resistor_SMD:R_0603_1608Metric,2,5V_USB,0.825,0.0,0.8,0.95
R206,Resistor_SMD:R_0603_1608Metric,1,5V_BAT,-0.825,0.0,0.8,0.95
R206,Resistor_SMD:R_0603_1608Metric,2,MUX_PR1,0.825,0.0,0.8,0.95
R207,Resistor_SMD:R_0603_1608Metric,1,MUX_PR1,-0.825,0.0,0.8,0.95
R207,Resistor_SMD:R_0603_1608Metric,2,GND,0.825,0.0,0.8,0.95
R208,Resistor_SMD:R_0603_1608Metric,1,5V_USB,-0.825,0.0,0.8,0.95
R208,Resistor_SMD:R_0603_1608Metric,2,MUX_CP2,0.825,0.0,0.8,0.95
R209,Resistor_SMD:R_0603_1608Metric,1,MUX_CP2,-0.825,0.0,0.8,0.95
R209,Resistor_SMD:R_0603_1608Metric,2,GND,0.825,0.0,0.8,0.95
R210,Resistor_SMD:R_0603_1608Metric,1,5V_BAT,-0.825,0.0,0.8,0.95
R210,Resistor_SMD:R_0603_1608Metric,2,MUX_OV1,0.825,0.0,0.8,0.95
R211,Resistor_SMD:R_0603_1608Metric,1,MUX_OV1,-0.825,0.0,0.8,0.95
R211,Resistor_SMD:R_0603_1608Metric,2,GND,0.825,0.0,0.8,0.95
R212,Resistor_SMD:R_0603_1608Metric,1,5V_USB,-0.825,0.0,0.8,0.95
R212,Resistor_SMD:R_0603_1608Metric,2,MUX_OV2,0.825,0.0,0.8,0.95
R213,Resistor_SMD:R_0603_1608Metric,1,MUX_OV2,-0.825,0.0,0.8,0.95
R213,Resistor_SMD:R_0603_1608Metric,2,GND,0.825,0.0,0.8,0.95
R214,Resistor_SMD:R_0603_1608Metric,1,MUX_ILM,-0.825,0.0,0.8,0.95
R214,Resistor_SMD:R_0603_1608Metric,2,GND,0.825,0.0,0.8,0.95
R215,Resistor_SMD:R_0603_1608Metric,1,3V3,-0.825,0.0,0.8,0.95
R215,Resistor_SMD:R_0603_1608Metric,2,PWR_SOURCE_STATUS,0.825,0.0,0.8,0.95
R301,Resistor_SMD:R_0603_1608Metric,1,3V3,-0.825,0.0,0.8,0.95
R301,Resistor_SMD:R_0603_1608Metric,2,VDDA,0.825,0.0,0.8,0.95
R302,Resistor_SMD:R_0603_1608Metric,1,VDDA,-0.825,0.0,0.8,0.95
R302,Resistor_SMD:R_0603_1608Metric,2,VREF+,0.825,0.0,0.8,0.95
R303,Resistor_SMD:R_0603_1608Metric,1,3V3,-0.825,0.0,0.8,0.95
R303,Resistor_SMD:R_0603_1608Metric,2,NRST,0.825,0.0,0.8,0.95
R304,Resistor_SMD:R_0603_1608Metric,1,3V3,-0.825,0.0,0.8,0.95
R304,Resistor_SMD:R_0603_1608Metric,2,STATUS_LED_A,0.825,0.0,0.8,0.95
R305,Resistor_SMD:R_0603_1608Metric,1,3V3,-0.825,0.0,0.8,0.95
R305,Resistor_SMD:R_0603_1608Metric,2,FEEDBACK_ENABLE_N,0.825,0.0,0.8,0.95
R306,Resistor_SMD:R_0603_1608Metric,1,FEEDBACK_SELECT,-0.825,0.0,0.8,0.95
R306,Resistor_SMD:R_0603_1608Metric,2,GND,0.825,0.0,0.8,0.95
R307,Resistor_SMD:R_0603_1608Metric,1,FEEDBACK_I_H3,-0.825,0.0,0.8,0.95
R307,Resistor_SMD:R_0603_1608Metric,2,GND,0.825,0.0,0.8,0.95
R308,Resistor_SMD:R_0603_1608Metric,1,3V3,-0.825,0.0,0.8,0.95
R308,Resistor_SMD:R_0603_1608Metric,2,IMU_CS_N,0.825,0.0,0.8,0.95
R309,Resistor_SMD:R_0603_1608Metric,1,3V3,-0.825,0.0,0.8,0.95
R309,Resistor_SMD:R_0603_1608Metric,2,AS5047P_CS_N,0.825,0.0,0.8,0.95
R310,Resistor_SMD:R_0603_1608Metric,1,3V3,-0.825,0.0,0.8,0.95
R310,Resistor_SMD:R_0603_1608Metric,2,SCREF_DIV,0.825,0.0,0.8,0.95
R311,Resistor_SMD:R_0603_1608Metric,1,SCREF_DIV,-0.825,0.0,0.8,0.95
R311,Resistor_SMD:R_0603_1608Metric,2,GND,0.825,0.0,0.8,0.95
R312,Resistor_SMD:R_0603_1608Metric,1,SCREF_DIV,-0.825,0.0,0.8,0.95
R312,Resistor_SMD:R_0603_1608Metric,2,SCREF,0.825,0.0,0.8,0.95
R313,Resistor_SMD:R_0603_1608Metric,1,SPI3_SCK_MCU,-0.825,0.0,0.8,0.95
R313,Resistor_SMD:R_0603_1608Metric,2,SPI3_SCK,0.825,0.0,0.8,0.95
R314,Resistor_SMD:R_0603_1608Metric,1,SPI3_MOSI_MCU,-0.825,0.0,0.8,0.95
R314,Resistor_SMD:R_0603_1608Metric,2,SPI3_MOSI,0.825,0.0,0.8,0.95
R410,Resistor_SMD:R_0603_1608Metric,1,VREF+,-0.825,0.0,0.8,0.95
R410,Resistor_SMD:R_0603_1608Metric,2,OPP_U1,0.825,0.0,0.8,0.95
R411,Resistor_SMD:R_0603_1608Metric,1,GHS1,-0.825,0.0,0.8,0.95
R411,Resistor_SMD:R_0603_1608Metric,2,GHS1_GATE,0.825,0.0,0.8,0.95
R412,Resistor_SMD:R_0603_1608Metric,1,GLS1,-0.825,0.0,0.8,0.95
R412,Resistor_SMD:R_0603_1608Metric,2,GLS1_GATE,0.825,0.0,0.8,0.95
R413,Resistor_SMD:R_0603_1608Metric,1,GHS1_GATE,-0.825,0.0,0.8,0.95
R413,Resistor_SMD:R_0603_1608Metric,2,OUT1,0.825,0.0,0.8,0.95
R414,Resistor_SMD:R_0603_1608Metric,1,GLS1_GATE,-0.825,0.0,0.8,0.95
R414,Resistor_SMD:R_0603_1608Metric,2,SHUNT_U_FORCE_P,0.825,0.0,0.8,0.95
R415,Resistor_SMD:R_2512_6332Metric,1,OUT1,-2.9625,0.0,1.225,3.35
R415,Resistor_SMD:R_2512_6332Metric,2,SNUB_U,2.9625,0.0,1.225,3.35
R416,Resistor_SMD:R_Shunt_Isabellenhuette_BVR4026,1,SHUNT_U_FORCE_P,-4.025,-0.85,2.55,5.6
R416,Resistor_SMD:R_Shunt_Isabellenhuette_BVR4026,2,SHUNT_U_SENSE_P,-4.025,3.2,2.55,0.9
R416,Resistor_SMD:R_Shunt_Isabellenhuette_BVR4026,3,SHUNT_U_SENSE_N,4.025,3.2,2.55,0.9
R416,Resistor_SMD:R_Shunt_Isabellenhuette_BVR4026,4,GND,4.025,-0.85,2.55,5.6
R417,Resistor_SMD:R_0603_1608Metric,1,SHUNT_U_SENSE_P,-0.825,0.0,0.8,0.95
R417,Resistor_SMD:R_0603_1608Metric,2,OPP_U1,0.825,0.0,0.8,0.95
R418,Resistor_SMD:R_0603_1608Metric,1,SHUNT_U_SENSE_N,-0.825,0.0,0.8,0.95
R418,Resistor_SMD:R_0603_1608Metric,2,OPN_U1,0.825,0.0,0.8,0.95
R419,Resistor_SMD:R_0603_1608Metric,1,OPO_U1,-0.825,0.0,0.8,0.95
R419,Resistor_SMD:R_0603_1608Metric,2,OPN_U1,0.825,0.0,0.8,0.95
R420,Resistor_SMD:R_0603_1608Metric,1,VREF+,-0.825,0.0,0.8,0.95
R420,Resistor_SMD:R_0603_1608Metric,2,OPP_V1,0.825,0.0,0.8,0.95
R421,Resistor_SMD:R_0603_1608Metric,1,GHS2,-0.825,0.0,0.8,0.95
R421,Resistor_SMD:R_0603_1608Metric,2,GHS2_GATE,0.825,0.0,0.8,0.95
R422,Resistor_SMD:R_0603_1608Metric,1,GLS2,-0.825,0.0,0.8,0.95
R422,Resistor_SMD:R_0603_1608Metric,2,GLS2_GATE,0.825,0.0,0.8,0.95
R423,Resistor_SMD:R_0603_1608Metric,1,GHS2_GATE,-0.825,0.0,0.8,0.95
R423,Resistor_SMD:R_0603_1608Metric,2,OUT2,0.825,0.0,0.8,0.95
R424,Resistor_SMD:R_0603_1608Metric,1,GLS2_GATE,-0.825,0.0,0.8,0.95
R424,Resistor_SMD:R_0603_1608Metric,2,SHUNT_V_FORCE_P,0.825,0.0,0.8,0.95
R425,Resistor_SMD:R_2512_6332Metric,1,OUT2,-2.9625,0.0,1.225,3.35
R425,Resistor_SMD:R_2512_6332Metric,2,SNUB_V,2.9625,0.0,1.225,3.35
R426,Resistor_SMD:R_Shunt_Isabellenhuette_BVR4026,1,SHUNT_V_FORCE_P,-4.025,-0.85,2.55,5.6
R426,Resistor_SMD:R_Shunt_Isabellenhuette_BVR4026,2,SHUNT_V_SENSE_P,-4.025,3.2,2.55,0.9
R426,Resistor_SMD:R_Shunt_Isabellenhuette_BVR4026,3,SHUNT_V_SENSE_N,4.025,3.2,2.55,0.9
R426,Resistor_SMD:R_Shunt_Isabellenhuette_BVR4026,4,GND,4.025,-0.85,2.55,5.6
R427,Resistor_SMD:R_0603_1608Metric,1,SHUNT_V_SENSE_P,-0.825,0.0,0.8,0.95
R427,Resistor_SMD:R_0603_1608Metric,2,OPP_V1,0.825,0.0,0.8,0.95
R428,Resistor_SMD:R_0603_1608Metric,1,SHUNT_V_SENSE_N,-0.825,0.0,0.8,0.95
R428,Resistor_SMD:R_0603_1608Metric,2,OPN_V1,0.825,0.0,0.8,0.95
R429,Resistor_SMD:R_0603_1608Metric,1,OPO_V1,-0.825,0.0,0.8,0.95
R429,Resistor_SMD:R_0603_1608Metric,2,OPN_V1,0.825,0.0,0.8,0.95
R430,Resistor_SMD:R_0603_1608Metric,1,VREF+,-0.825,0.0,0.8,0.95
R430,Resistor_SMD:R_0603_1608Metric,2,OPP_W1,0.825,0.0,0.8,0.95
R431,Resistor_SMD:R_0603_1608Metric,1,GHS3,-0.825,0.0,0.8,0.95
R431,Resistor_SMD:R_0603_1608Metric,2,GHS3_GATE,0.825,0.0,0.8,0.95
R432,Resistor_SMD:R_0603_1608Metric,1,GLS3,-0.825,0.0,0.8,0.95
R432,Resistor_SMD:R_0603_1608Metric,2,GLS3_GATE,0.825,0.0,0.8,0.95
R433,Resistor_SMD:R_0603_1608Metric,1,GHS3_GATE,-0.825,0.0,0.8,0.95
R433,Resistor_SMD:R_0603_1608Metric,2,OUT3,0.825,0.0,0.8,0.95
R434,Resistor_SMD:R_0603_1608Metric,1,GLS3_GATE,-0.825,0.0,0.8,0.95
R434,Resistor_SMD:R_0603_1608Metric,2,SHUNT_W_FORCE_P,0.825,0.0,0.8,0.95
R435,Resistor_SMD:R_2512_6332Metric,1,OUT3,-2.9625,0.0,1.225,3.35
R435,Resistor_SMD:R_2512_6332Metric,2,SNUB_W,2.9625,0.0,1.225,3.35
R436,Resistor_SMD:R_Shunt_Isabellenhuette_BVR4026,1,SHUNT_W_FORCE_P,-4.025,-0.85,2.55,5.6
R436,Resistor_SMD:R_Shunt_Isabellenhuette_BVR4026,2,SHUNT_W_SENSE_P,-4.025,3.2,2.55,0.9
R436,Resistor_SMD:R_Shunt_Isabellenhuette_BVR4026,3,SHUNT_W_SENSE_N,4.025,3.2,2.55,0.9
R436,Resistor_SMD:R_Shunt_Isabellenhuette_BVR4026,4,GND,4.025,-0.85,2.55,5.6
R437,Resistor_SMD:R_0603_1608Metric,1,SHUNT_W_SENSE_P,-0.825,0.0,0.8,0.95
R437,Resistor_SMD:R_0603_1608Metric,2,OPP_W1,0.825,0.0,0.8,0.95
R438,Resistor_SMD:R_0603_1608Metric,1,SHUNT_W_SENSE_N,-0.825,0.0,0.8,0.95
R438,Resistor_SMD:R_0603_1608Metric,2,OPN_W1,0.825,0.0,0.8,0.95
R439,Resistor_SMD:R_0603_1608Metric,1,OPO_W1,-0.825,0.0,0.8,0.95
R439,Resistor_SMD:R_0603_1608Metric,2,OPN_W1,0.825,0.0,0.8,0.95
R441,Resistor_SMD:R_0603_1608Metric,1,OPP_U1,-0.825,0.0,0.8,0.95
R441,Resistor_SMD:R_0603_1608Metric,2,GND,0.825,0.0,0.8,0.95
R442,Resistor_SMD:R_0603_1608Metric,1,OPP_V1,-0.825,0.0,0.8,0.95
R442,Resistor_SMD:R_0603_1608Metric,2,GND,0.825,0.0,0.8,0.95
R443,Resistor_SMD:R_0603_1608Metric,1,OPP_W1,-0.825,0.0,0.8,0.95
R443,Resistor_SMD:R_0603_1608Metric,2,GND,0.825,0.0,0.8,0.95
R501,Resistor_SMD:R_0603_1608Metric,1,BRAKE_PWM,-0.825,0.0,0.8,0.95
R501,Resistor_SMD:R_0603_1608Metric,2,GND,0.825,0.0,0.8,0.95
R502,Resistor_SMD:R_0603_1608Metric,1,BRAKE_PWM,-0.825,0.0,0.8,0.95
R502,Resistor_SMD:R_0603_1608Metric,2,BRAKE_PWM_SER,0.825,0.0,0.8,0.95
R503,Resistor_SMD:R_0603_1608Metric,1,BRAKE_GATE_DRV,-0.825,0.0,0.8,0.95
R503,Resistor_SMD:R_0603_1608Metric,2,BRAKE_GATE,0.825,0.0,0.8,0.95
R504,Resistor_SMD:R_0603_1608Metric,1,BRAKE_GATE,-0.825,0.0,0.8,0.95
R504,Resistor_SMD:R_0603_1608Metric,2,GND,0.825,0.0,0.8,0.95
R505,Resistor_SMD:R_0603_1608Metric,1,BRAKE_PWM_DRV,-0.825,0.0,0.8,0.95
R505,Resistor_SMD:R_0603_1608Metric,2,GND,0.825,0.0,0.8,0.95
R506,Resistor_SMD:R_1206_3216Metric,1,VM,-1.4625,0.0,1.125,1.75
R506,Resistor_SMD:R_1206_3216Metric,2,BRK_DIV1,1.4625,0.0,1.125,1.75
R507,Resistor_SMD:R_1206_3216Metric,1,BRK_DIV1,-1.4625,0.0,1.125,1.75
R507,Resistor_SMD:R_1206_3216Metric,2,BRK_DIV2,1.4625,0.0,1.125,1.75
R508,Resistor_SMD:R_1206_3216Metric,1,BRK_DIV2,-1.4625,0.0,1.125,1.75
R508,Resistor_SMD:R_1206_3216Metric,2,BRAKE_OV_SENSE,1.4625,0.0,1.125,1.75
R509,Resistor_SMD:R_0603_1608Metric,1,BRAKE_OV_SENSE,-0.825,0.0,0.8,0.95
R509,Resistor_SMD:R_0603_1608Metric,2,GND,0.825,0.0,0.8,0.95
R510,Resistor_SMD:R_0603_1608Metric,1,BRAKE_OV_CMD,-0.825,0.0,0.8,0.95
R510,Resistor_SMD:R_0603_1608Metric,2,BRAKE_OV_SENSE,0.825,0.0,0.8,0.95
R601,Resistor_SMD:R_0603_1608Metric,1,ENC_ON_A,-0.825,0.0,0.8,0.95
R601,Resistor_SMD:R_0603_1608Metric,2,MUX_ON_A,0.825,0.0,0.8,0.95
R602,Resistor_SMD:R_0603_1608Metric,1,ENC_ON_B,-0.825,0.0,0.8,0.95
R602,Resistor_SMD:R_0603_1608Metric,2,MUX_ON_B,0.825,0.0,0.8,0.95
R603,Resistor_SMD:R_0603_1608Metric,1,ENC_ON_I,-0.825,0.0,0.8,0.95
R603,Resistor_SMD:R_0603_1608Metric,2,MUX_ON_I,0.825,0.0,0.8,0.95
R604,Resistor_SMD:R_0603_1608Metric,1,3V3,-0.825,0.0,0.8,0.95
R604,Resistor_SMD:R_0603_1608Metric,2,3V3_EXT_FB,0.825,0.0,0.8,0.95
R605,Resistor_SMD:R_0603_1608Metric,1,EXT_A_U_CONN,-0.825,0.0,0.8,0.95
R605,Resistor_SMD:R_0603_1608Metric,2,MUX_EXT_A,0.825,0.0,0.8,0.95
R606,Resistor_SMD:R_0603_1608Metric,1,EXT_B_V_CONN,-0.825,0.0,0.8,0.95
R606,Resistor_SMD:R_0603_1608Metric,2,MUX_EXT_B,0.825,0.0,0.8,0.95
R607,Resistor_SMD:R_0603_1608Metric,1,EXT_I_W_CONN,-0.825,0.0,0.8,0.95
R607,Resistor_SMD:R_0603_1608Metric,2,MUX_EXT_I,0.825,0.0,0.8,0.95
R608,Resistor_SMD:R_0603_1608Metric,1,3V3,-0.825,0.0,0.8,0.95
R608,Resistor_SMD:R_0603_1608Metric,2,MUX_EXT_A,0.825,0.0,0.8,0.95
R609,Resistor_SMD:R_0603_1608Metric,1,3V3,-0.825,0.0,0.8,0.95
R609,Resistor_SMD:R_0603_1608Metric,2,MUX_EXT_B,0.825,0.0,0.8,0.95
R610,Resistor_SMD:R_0603_1608Metric,1,3V3,-0.825,0.0,0.8,0.95
R610,Resistor_SMD:R_0603_1608Metric,2,MUX_EXT_I,0.825,0.0,0.8,0.95
R611,Resistor_SMD:R_0603_1608Metric,1,AS5047_MISO_RAW,-0.825,0.0,0.8,0.95
R611,Resistor_SMD:R_0603_1608Metric,2,SPI3_MISO,0.825,0.0,0.8,0.95
R701,Resistor_SMD:R_0603_1608Metric,1,3V3,-0.825,0.0,0.8,0.95
R701,Resistor_SMD:R_0603_1608Metric,2,NTC_A_RAW,0.825,0.0,0.8,0.95
R702,Resistor_SMD:R_0603_1608Metric,1,3V3,-0.825,0.0,0.8,0.95
R702,Resistor_SMD:R_0603_1608Metric,2,NTC_B_RAW,0.825,0.0,0.8,0.95
R703,Resistor_SMD:R_0603_1608Metric,1,3V3,-0.825,0.0,0.8,0.95
R703,Resistor_SMD:R_0603_1608Metric,2,NTC_C_RAW,0.825,0.0,0.8,0.95
R711,Resistor_SMD:R_0603_1608Metric,1,NTC_A_RAW,-0.825,0.0,0.8,0.95
R711,Resistor_SMD:R_0603_1608Metric,2,NTC_PHASE_A,0.825,0.0,0.8,0.95
R712,Resistor_SMD:R_0603_1608Metric,1,NTC_B_RAW,-0.825,0.0,0.8,0.95
R712,Resistor_SMD:R_0603_1608Metric,2,NTC_PHASE_B,0.825,0.0,0.8,0.95
R713,Resistor_SMD:R_0603_1608Metric,1,NTC_C_RAW,-0.825,0.0,0.8,0.95
R713,Resistor_SMD:R_0603_1608Metric,2,NTC_PHASE_C,0.825,0.0,0.8,0.95
R714,Resistor_SMD:R_0603_1608Metric,1,BMI323_MISO_RAW,-0.825,0.0,0.8,0.95
R714,Resistor_SMD:R_0603_1608Metric,2,SPI3_MISO,0.825,0.0,0.8,0.95
R801,Resistor_SMD:R_0603_1608Metric,1,3V3,-0.825,0.0,0.8,0.95
R801,Resistor_SMD:R_0603_1608Metric,2,CAN_STB,0.825,0.0,0.8,0.95
R802,Resistor_SMD:R_0603_1608Metric,1,CANH_BUS,-0.825,0.0,0.8,0.95
R802,Resistor_SMD:R_0603_1608Metric,2,CAN_TERM_MID,0.825,0.0,0.8,0.95
R803,Resistor_SMD:R_0603_1608Metric,1,CANH_INT,-0.825,0.0,0.8,0.95
R803,Resistor_SMD:R_0603_1608Metric,2,CANH_BUS,0.825,0.0,0.8,0.95
R804,Resistor_SMD:R_0603_1608Metric,1,CANL_INT,-0.825,0.0,0.8,0.95
R804,Resistor_SMD:R_0603_1608Metric,2,CANL_BUS,0.825,0.0,0.8,0.95
R805,Resistor_SMD:R_0603_1608Metric,1,3V3,-0.825,0.0,0.8,0.95
R805,Resistor_SMD:R_0603_1608Metric,2,FDCAN1_TX,0.825,0.0,0.8,0.95
R901,Resistor_SMD:R_0603_1608Metric,1,3V3,-0.825,0.0,0.8,0.95
R901,Resistor_SMD:R_0603_1608Metric,2,CP2102_RST_N,0.825,0.0,0.8,0.95
R902,Resistor_SMD:R_0603_1608Metric,1,UART_BRIDGE_TX,-0.825,0.0,0.8,0.95
R902,Resistor_SMD:R_0603_1608Metric,2,USB_UART_RX,0.825,0.0,0.8,0.95
R903,Resistor_SMD:R_0603_1608Metric,1,USB_UART_TX,-0.825,0.0,0.8,0.95
R903,Resistor_SMD:R_0603_1608Metric,2,UART_BRIDGE_RX,0.825,0.0,0.8,0.95
R904,Resistor_SMD:R_0603_1608Metric,1,5V_USB_RAW,-0.825,0.0,0.8,0.95
R904,Resistor_SMD:R_0603_1608Metric,2,CP2102_VBUS_SENSE,0.825,0.0,0.8,0.95
R905,Resistor_SMD:R_0603_1608Metric,1,CP2102_VBUS_SENSE,-0.825,0.0,0.8,0.95
R905,Resistor_SMD:R_0603_1608Metric,2,GND,0.825,0.0,0.8,0.95
SW1001,Button_Switch_SMD:SW_SPST_TL3305A,1,BOOT0_PAD,-3.6,-1.5,1.6,1.4
SW1001,Button_Switch_SMD:SW_SPST_TL3305A,1,BOOT0_PAD,3.6,-1.5,1.6,1.4
SW1001,Button_Switch_SMD:SW_SPST_TL3305A,2,3V3,-3.6,1.5,1.6,1.4
SW1001,Button_Switch_SMD:SW_SPST_TL3305A,2,3V3,3.6,1.5,1.6,1.4
SW1002,Button_Switch_SMD:SW_SPST_TL3305A,1,NRST,-3.6,-1.5,1.6,1.4
SW1002,Button_Switch_SMD:SW_SPST_TL3305A,1,NRST,3.6,-1.5,1.6,1.4
SW1002,Button_Switch_SMD:SW_SPST_TL3305A,2,GND,-3.6,1.5,1.6,1.4
SW1002,Button_Switch_SMD:SW_SPST_TL3305A,2,GND,3.6,1.5,1.6,1.4
SW301,Button_Switch_SMD:SW_SPST_TL3305A,1,NRST,-3.6,-1.5,1.6,1.4
SW301,Button_Switch_SMD:SW_SPST_TL3305A,1,NRST,3.6,-1.5,1.6,1.4
SW301,Button_Switch_SMD:SW_SPST_TL3305A,2,GND,-3.6,1.5,1.6,1.4
SW301,Button_Switch_SMD:SW_SPST_TL3305A,2,GND,3.6,1.5,1.6,1.4
TH701,Resistor_SMD:R_0603_1608Metric,1,NTC_A_RAW,-0.825,0.0,0.8,0.95
TH701,Resistor_SMD:R_0603_1608Metric,2,GND,0.825,0.0,0.8,0.95
TH702,Resistor_SMD:R_0603_1608Metric,1,NTC_B_RAW,-0.825,0.0,0.8,0.95
TH702,Resistor_SMD:R_0603_1608Metric,2,GND,0.825,0.0,0.8,0.95
TH703,Resistor_SMD:R_0603_1608Metric,1,NTC_C_RAW,-0.825,0.0,0.8,0.95
TH703,Resistor_SMD:R_0603_1608Metric,2,GND,0.825,0.0,0.8,0.95
TP1001,TestPoint:TestPoint_Pad_D1.0mm,1,VM,0.0,0.0,1.0,1.0
TP1002,TestPoint:TestPoint_Pad_D1.0mm,1,VCC,0.0,0.0,1.0,1.0
TP1003,TestPoint:TestPoint_Pad_D1.0mm,1,5V_BAT,0.0,0.0,1.0,1.0
TP1004,TestPoint:TestPoint_Pad_D1.0mm,1,5V_USB,0.0,0.0,1.0,1.0
TP1005,TestPoint:TestPoint_Pad_D1.0mm,1,5V_SYS,0.0,0.0,1.0,1.0
TP1006,TestPoint:TestPoint_Pad_D1.0mm,1,3V3,0.0,0.0,1.0,1.0
TP1007,TestPoint:TestPoint_Pad_D1.0mm,1,NRST,0.0,0.0,1.0,1.0
TP1008,TestPoint:TestPoint_Pad_D1.0mm,1,SWDIO,0.0,0.0,1.0,1.0
TP1009,TestPoint:TestPoint_Pad_D1.0mm,1,SWCLK,0.0,0.0,1.0,1.0
TP101,TestPoint:TestPoint_Pad_D1.5mm,1,VM,0.0,0.0,1.5,1.5
TP1010,TestPoint:TestPoint_Pad_D1.0mm,1,SPI3_SCK,0.0,0.0,1.0,1.0
TP1011,TestPoint:TestPoint_Pad_D1.0mm,1,SPI3_MISO,0.0,0.0,1.0,1.0
TP1012,TestPoint:TestPoint_Pad_D1.0mm,1,SPI3_MOSI,0.0,0.0,1.0,1.0
TP1013,TestPoint:TestPoint_Pad_D1.0mm,1,FDCAN1_TX,0.0,0.0,1.0,1.0
TP1014,TestPoint:TestPoint_Pad_D1.0mm,1,FDCAN1_RX,0.0,0.0,1.0,1.0
TP1015,TestPoint:TestPoint_Pad_D1.0mm,1,FEEDBACK_A_H1,0.0,0.0,1.0,1.0
TP1016,TestPoint:TestPoint_Pad_D1.0mm,1,FEEDBACK_B_H2,0.0,0.0,1.0,1.0
TP1018,TestPoint:TestPoint_Pad_D1.0mm,1,OPO_U1,0.0,0.0,1.0,1.0
TP1019,TestPoint:TestPoint_Pad_D1.0mm,1,OPO_V1,0.0,0.0,1.0,1.0
TP102,TestPoint:TestPoint_Pad_D1.5mm,1,GND,0.0,0.0,1.5,1.5
TP1020,TestPoint:TestPoint_Pad_D1.0mm,1,OPO_W1,0.0,0.0,1.0,1.0
TP1021,TestPoint:TestPoint_Pad_D1.0mm,1,SPARE_GPIO_1,0.0,0.0,1.0,1.0
TP1022,TestPoint:TestPoint_Pad_D1.0mm,1,CAN_STB,0.0,0.0,1.0,1.0
TP1023,TestPoint:TestPoint_Pad_D1.0mm,1,SPARE_GPIO_3,0.0,0.0,1.0,1.0
TP1024,TestPoint:TestPoint_Pad_D1.0mm,1,SPARE_TIM_GPIO,0.0,0.0,1.0,1.0
TP103,TestPoint:TestPoint_Pad_D1.5mm,1,VBUS_SENSE,0.0,0.0,1.5,1.5
TP201,TestPoint:TestPoint_Pad_D1.5mm,1,5V_BAT,0.0,0.0,1.5,1.5
TP202,TestPoint:TestPoint_Pad_D1.5mm,1,5V_USB,0.0,0.0,1.5,1.5
TP203,TestPoint:TestPoint_Pad_D1.5mm,1,5V_SYS,0.0,0.0,1.5,1.5
TP204,TestPoint:TestPoint_Pad_D1.5mm,1,3V3,0.0,0.0,1.5,1.5
TP301,TestPoint:TestPoint_Pad_D1.5mm,1,VCC,0.0,0.0,1.5,1.5
TP302,TestPoint:TestPoint_Pad_D1.5mm,1,SCREF,0.0,0.0,1.5,1.5
TP303,TestPoint:TestPoint_Pad_D1.5mm,1,NRST,0.0,0.0,1.5,1.5
TP501,TestPoint:TestPoint_Pad_D1.5mm,1,BRAKE_GATE,0.0,0.0,1.5,1.5
TP502,TestPoint:TestPoint_Pad_D1.5mm,1,BRK_SW,0.0,0.0,1.5,1.5
TP701,TestPoint:TestPoint_Pad_D1.0mm,1,NTC_PHASE_A,0.0,0.0,1.0,1.0
TP702,TestPoint:TestPoint_Pad_D1.0mm,1,NTC_PHASE_B,0.0,0.0,1.0,1.0
TP703,TestPoint:TestPoint_Pad_D1.0mm,1,NTC_PHASE_C,0.0,0.0,1.0,1.0
TP901,TestPoint:TestPoint_Pad_D1.0mm,1,USB_UART_TX,0.0,0.0,1.0,1.0
TP902,TestPoint:TestPoint_Pad_D1.0mm,1,USB_UART_RX,0.0,0.0,1.0,1.0
TP903,TestPoint:TestPoint_Pad_D1.0mm,1,GND,0.0,0.0,1.0,1.0
U201,Package_SO:Texas_HTSOP-8-1EP_3.9x4.9mm_P1.27mm_EP2.95x4.9mm_Mask2.4x3.1mm_ThermalVias,,MECHANICAL/PASTE,0.0,0.0,2.4,3.1
U201,Package_SO:Texas_HTSOP-8-1EP_3.9x4.9mm_P1.27mm_EP2.95x4.9mm_Mask2.4x3.1mm_ThermalVias,,MECHANICAL/PASTE,0.0,0.0,2.4,3.1
U201,Package_SO:Texas_HTSOP-8-1EP_3.9x4.9mm_P1.27mm_EP2.95x4.9mm_Mask2.4x3.1mm_ThermalVias,1,GND,-2.875,-1.905,2.2,0.5
U201,Package_SO:Texas_HTSOP-8-1EP_3.9x4.9mm_P1.27mm_EP2.95x4.9mm_Mask2.4x3.1mm_ThermalVias,2,VM,-2.875,-0.635,2.2,0.5
U201,Package_SO:Texas_HTSOP-8-1EP_3.9x4.9mm_P1.27mm_EP2.95x4.9mm_Mask2.4x3.1mm_ThermalVias,3,VM,-2.875,0.635,2.2,0.5
U201,Package_SO:Texas_HTSOP-8-1EP_3.9x4.9mm_P1.27mm_EP2.95x4.9mm_Mask2.4x3.1mm_ThermalVias,4,NC,-2.875,1.905,2.2,0.5
U201,Package_SO:Texas_HTSOP-8-1EP_3.9x4.9mm_P1.27mm_EP2.95x4.9mm_Mask2.4x3.1mm_ThermalVias,5,5V_FB,2.875,1.905,2.2,0.5
U201,Package_SO:Texas_HTSOP-8-1EP_3.9x4.9mm_P1.27mm_EP2.95x4.9mm_Mask2.4x3.1mm_ThermalVias,6,LMR_VCC,2.875,0.635,2.2,0.5
U201,Package_SO:Texas_HTSOP-8-1EP_3.9x4.9mm_P1.27mm_EP2.95x4.9mm_Mask2.4x3.1mm_ThermalVias,7,5V_BOOT,2.875,-0.635,2.2,0.5
U201,Package_SO:Texas_HTSOP-8-1EP_3.9x4.9mm_P1.27mm_EP2.95x4.9mm_Mask2.4x3.1mm_ThermalVias,8,5V_SW,2.875,-1.905,2.2,0.5
U201,Package_SO:Texas_HTSOP-8-1EP_3.9x4.9mm_P1.27mm_EP2.95x4.9mm_Mask2.4x3.1mm_ThermalVias,9,GND,-0.65,-1.3,0.63,0.63
U201,Package_SO:Texas_HTSOP-8-1EP_3.9x4.9mm_P1.27mm_EP2.95x4.9mm_Mask2.4x3.1mm_ThermalVias,9,GND,-0.65,0.0,0.63,0.63
U201,Package_SO:Texas_HTSOP-8-1EP_3.9x4.9mm_P1.27mm_EP2.95x4.9mm_Mask2.4x3.1mm_ThermalVias,9,GND,-0.65,1.3,0.63,0.63
U201,Package_SO:Texas_HTSOP-8-1EP_3.9x4.9mm_P1.27mm_EP2.95x4.9mm_Mask2.4x3.1mm_ThermalVias,9,GND,0.0,0.0,2.6,3.3
U201,Package_SO:Texas_HTSOP-8-1EP_3.9x4.9mm_P1.27mm_EP2.95x4.9mm_Mask2.4x3.1mm_ThermalVias,9,GND,0.0,0.0,2.95,4.9
U201,Package_SO:Texas_HTSOP-8-1EP_3.9x4.9mm_P1.27mm_EP2.95x4.9mm_Mask2.4x3.1mm_ThermalVias,9,GND,0.65,-1.3,0.63,0.63
U201,Package_SO:Texas_HTSOP-8-1EP_3.9x4.9mm_P1.27mm_EP2.95x4.9mm_Mask2.4x3.1mm_ThermalVias,9,GND,0.65,0.0,0.63,0.63
U201,Package_SO:Texas_HTSOP-8-1EP_3.9x4.9mm_P1.27mm_EP2.95x4.9mm_Mask2.4x3.1mm_ThermalVias,9,GND,0.65,1.3,0.63,0.63
U202,Package_TO_SOT_SMD:SOT-23-6,1,USB_DM_CONN,-1.1375,-0.95,1.325,0.6
U202,Package_TO_SOT_SMD:SOT-23-6,2,GND,-1.1375,0.0,1.325,0.6
U202,Package_TO_SOT_SMD:SOT-23-6,3,USB_DP_CONN,-1.1375,0.95,1.325,0.6
U202,Package_TO_SOT_SMD:SOT-23-6,4,USB_DP,1.1375,0.95,1.325,0.6
U202,Package_TO_SOT_SMD:SOT-23-6,5,5V_USB_RAW,1.1375,0.0,1.325,0.6
U202,Package_TO_SOT_SMD:SOT-23-6,6,USB_DM,1.1375,-0.95,1.325,0.6
U203,Package_DFN_QFN:Texas_VQFN-HR-12_2x2.5mm_P0.5mm_ThermalVias,1,5V_SYS,-0.675,-0.35,1.05,0.4
U203,Package_DFN_QFN:Texas_VQFN-HR-12_2x2.5mm_P0.5mm_ThermalVias,1,5V_SYS,-0.4,-0.35,0.4,0.4
U203,Package_DFN_QFN:Texas_VQFN-HR-12_2x2.5mm_P0.5mm_ThermalVias,2,5V_USB,-0.675,0.35,1.05,0.4
U203,Package_DFN_QFN:Texas_VQFN-HR-12_2x2.5mm_P0.5mm_ThermalVias,2,5V_USB,-0.4,0.35,0.4,0.4
U203,Package_DFN_QFN:Texas_VQFN-HR-12_2x2.5mm_P0.5mm_ThermalVias,3,MUX_CP2,-0.75,1.15,0.2,0.6
U203,Package_DFN_QFN:Texas_VQFN-HR-12_2x2.5mm_P0.5mm_ThermalVias,4,MUX_OV2,-0.25,1.15,0.2,0.6
U203,Package_DFN_QFN:Texas_VQFN-HR-12_2x2.5mm_P0.5mm_ThermalVias,5,MUX_OV1,0.25,1.15,0.2,0.6
U203,Package_DFN_QFN:Texas_VQFN-HR-12_2x2.5mm_P0.5mm_ThermalVias,6,MUX_PR1,0.75,1.15,0.2,0.6
U203,Package_DFN_QFN:Texas_VQFN-HR-12_2x2.5mm_P0.5mm_ThermalVias,7,5V_BAT,0.4,0.35,0.4,0.4
U203,Package_DFN_QFN:Texas_VQFN-HR-12_2x2.5mm_P0.5mm_ThermalVias,7,5V_BAT,0.675,0.35,1.05,0.4
U203,Package_DFN_QFN:Texas_VQFN-HR-12_2x2.5mm_P0.5mm_ThermalVias,8,5V_SYS,0.4,-0.35,0.4,0.4
U203,Package_DFN_QFN:Texas_VQFN-HR-12_2x2.5mm_P0.5mm_ThermalVias,8,5V_SYS,0.675,-0.35,1.05,0.4
U203,Package_DFN_QFN:Texas_VQFN-HR-12_2x2.5mm_P0.5mm_ThermalVias,9,PWR_SOURCE_STATUS,0.75,-1.15,0.2,0.6
U203,Package_DFN_QFN:Texas_VQFN-HR-12_2x2.5mm_P0.5mm_ThermalVias,10,MUX_ILM,0.25,-1.15,0.2,0.6
U203,Package_DFN_QFN:Texas_VQFN-HR-12_2x2.5mm_P0.5mm_ThermalVias,11,MUX_SS,-0.25,-1.15,0.2,0.6
U203,Package_DFN_QFN:Texas_VQFN-HR-12_2x2.5mm_P0.5mm_ThermalVias,12,GND,-0.75,-1.15,0.2,0.6
U204,ShiroFOC_Footprints:Texas_DYD0005A_SOT23-5,1,5V_SYS,-1.3,-0.95,1.1,0.6
U204,ShiroFOC_Footprints:Texas_DYD0005A_SOT23-5,2,GND,-1.3,0.0,1.1,0.6
U204,ShiroFOC_Footprints:Texas_DYD0005A_SOT23-5,3,5V_SYS,-1.3,0.95,1.1,0.6
U204,ShiroFOC_Footprints:Texas_DYD0005A_SOT23-5,4,NC,1.3,0.95,1.1,0.6
U204,ShiroFOC_Footprints:Texas_DYD0005A_SOT23-5,5,3V3,1.3,-0.95,1.1,0.6
U204,ShiroFOC_Footprints:Texas_DYD0005A_SOT23-5,2,GND,0.0625,0.0,1.3,1.7
U204,ShiroFOC_Footprints:Texas_DYD0005A_SOT23-5,,MECHANICAL/PASTE,0.0625,0.0,0.975,1.7
U204,ShiroFOC_Footprints:Texas_DYD0005A_SOT23-5,2,GND,0.0625,0.0,0.45,0.45
U301,Package_DFN_QFN:QFN-64-1EP_9x9mm_P0.5mm_EP4.1x4.1mm_ThermalVias,,MECHANICAL/PASTE,-1.37,-1.37,1.1,1.1
U301,Package_DFN_QFN:QFN-64-1EP_9x9mm_P0.5mm_EP4.1x4.1mm_ThermalVias,,MECHANICAL/PASTE,-1.37,0.0,1.1,1.1
U301,Package_DFN_QFN:QFN-64-1EP_9x9mm_P0.5mm_EP4.1x4.1mm_ThermalVias,,MECHANICAL/PASTE,-1.37,1.37,1.1,1.1
U301,Package_DFN_QFN:QFN-64-1EP_9x9mm_P0.5mm_EP4.1x4.1mm_ThermalVias,,MECHANICAL/PASTE,0.0,-1.37,1.1,1.1
U301,Package_DFN_QFN:QFN-64-1EP_9x9mm_P0.5mm_EP4.1x4.1mm_ThermalVias,,MECHANICAL/PASTE,0.0,0.0,1.1,1.1
U301,Package_DFN_QFN:QFN-64-1EP_9x9mm_P0.5mm_EP4.1x4.1mm_ThermalVias,,MECHANICAL/PASTE,0.0,1.37,1.1,1.1
U301,Package_DFN_QFN:QFN-64-1EP_9x9mm_P0.5mm_EP4.1x4.1mm_ThermalVias,,MECHANICAL/PASTE,1.37,-1.37,1.1,1.1
U301,Package_DFN_QFN:QFN-64-1EP_9x9mm_P0.5mm_EP4.1x4.1mm_ThermalVias,,MECHANICAL/PASTE,1.37,0.0,1.1,1.1
U301,Package_DFN_QFN:QFN-64-1EP_9x9mm_P0.5mm_EP4.1x4.1mm_ThermalVias,,MECHANICAL/PASTE,1.37,1.37,1.1,1.1
U301,Package_DFN_QFN:QFN-64-1EP_9x9mm_P0.5mm_EP4.1x4.1mm_ThermalVias,1,3V3,-4.4375,-3.75,0.825,0.25
U301,Package_DFN_QFN:QFN-64-1EP_9x9mm_P0.5mm_EP4.1x4.1mm_ThermalVias,2,3V3,-4.4375,-3.25,0.825,0.25
U301,Package_DFN_QFN:QFN-64-1EP_9x9mm_P0.5mm_EP4.1x4.1mm_ThermalVias,3,SPARE_GPIO_3,-4.4375,-2.75,0.825,0.25
U301,Package_DFN_QFN:QFN-64-1EP_9x9mm_P0.5mm_EP4.1x4.1mm_ThermalVias,4,FEEDBACK_ENABLE_N,-4.4375,-2.25,0.825,0.25
U301,Package_DFN_QFN:QFN-64-1EP_9x9mm_P0.5mm_EP4.1x4.1mm_ThermalVias,5,SPARE_GPIO_1,-4.4375,-1.75,0.825,0.25
U301,Package_DFN_QFN:QFN-64-1EP_9x9mm_P0.5mm_EP4.1x4.1mm_ThermalVias,6,HSE_OSC_IN,-4.4375,-1.25,0.825,0.25
U301,Package_DFN_QFN:QFN-64-1EP_9x9mm_P0.5mm_EP4.1x4.1mm_ThermalVias,7,HSE_OSC_OUT,-4.4375,-0.75,0.825,0.25
U301,Package_DFN_QFN:QFN-64-1EP_9x9mm_P0.5mm_EP4.1x4.1mm_ThermalVias,8,NRST,-4.4375,-0.25,0.825,0.25
U301,Package_DFN_QFN:QFN-64-1EP_9x9mm_P0.5mm_EP4.1x4.1mm_ThermalVias,9,NTC_PHASE_B,-4.4375,0.25,0.825,0.25
U301,Package_DFN_QFN:QFN-64-1EP_9x9mm_P0.5mm_EP4.1x4.1mm_ThermalVias,10,NTC_PHASE_C,-4.4375,0.75,0.825,0.25
U301,Package_DFN_QFN:QFN-64-1EP_9x9mm_P0.5mm_EP4.1x4.1mm_ThermalVias,11,STATUS_LED_RED,-4.4375,1.25,0.825,0.25
U301,Package_DFN_QFN:QFN-64-1EP_9x9mm_P0.5mm_EP4.1x4.1mm_ThermalVias,12,NTC_PHASE_A,-4.4375,1.75,0.825,0.25
U301,Package_DFN_QFN:QFN-64-1EP_9x9mm_P0.5mm_EP4.1x4.1mm_ThermalVias,13,VBUS_SENSE,-4.4375,2.25,0.825,0.25
U301,Package_DFN_QFN:QFN-64-1EP_9x9mm_P0.5mm_EP4.1x4.1mm_ThermalVias,14,OPP_U1,-4.4375,2.75,0.825,0.25
U301,Package_DFN_QFN:QFN-64-1EP_9x9mm_P0.5mm_EP4.1x4.1mm_ThermalVias,15,OPO_U1,-4.4375,3.25,0.825,0.25
U301,Package_DFN_QFN:QFN-64-1EP_9x9mm_P0.5mm_EP4.1x4.1mm_ThermalVias,16,OPN_U1,-4.4375,3.75,0.825,0.25
U301,Package_DFN_QFN:QFN-64-1EP_9x9mm_P0.5mm_EP4.1x4.1mm_ThermalVias,17,IMU_INT1,-3.75,4.4375,0.25,0.825
U301,Package_DFN_QFN:QFN-64-1EP_9x9mm_P0.5mm_EP4.1x4.1mm_ThermalVias,18,IMU_INT2,-3.25,4.4375,0.25,0.825
U301,Package_DFN_QFN:QFN-64-1EP_9x9mm_P0.5mm_EP4.1x4.1mm_ThermalVias,19,OPO_V1,-2.75,4.4375,0.25,0.825
U301,Package_DFN_QFN:QFN-64-1EP_9x9mm_P0.5mm_EP4.1x4.1mm_ThermalVias,20,OPP_V1,-2.25,4.4375,0.25,0.825
U301,Package_DFN_QFN:QFN-64-1EP_9x9mm_P0.5mm_EP4.1x4.1mm_ThermalVias,21,IMU_CS_N,-1.75,4.4375,0.25,0.825
U301,Package_DFN_QFN:QFN-64-1EP_9x9mm_P0.5mm_EP4.1x4.1mm_ThermalVias,22,OPN_V1,-1.25,4.4375,0.25,0.825
U301,Package_DFN_QFN:QFN-64-1EP_9x9mm_P0.5mm_EP4.1x4.1mm_ThermalVias,23,OPP_W1,-0.75,4.4375,0.25,0.825
U301,Package_DFN_QFN:QFN-64-1EP_9x9mm_P0.5mm_EP4.1x4.1mm_ThermalVias,24,OPO_W1,-0.25,4.4375,0.25,0.825
U301,Package_DFN_QFN:QFN-64-1EP_9x9mm_P0.5mm_EP4.1x4.1mm_ThermalVias,25,OPN_W1,0.25,4.4375,0.25,0.825
U301,Package_DFN_QFN:QFN-64-1EP_9x9mm_P0.5mm_EP4.1x4.1mm_ThermalVias,26,VREF+,0.75,4.4375,0.25,0.825
U301,Package_DFN_QFN:QFN-64-1EP_9x9mm_P0.5mm_EP4.1x4.1mm_ThermalVias,27,VDDA,1.25,4.4375,0.25,0.825
U301,Package_DFN_QFN:QFN-64-1EP_9x9mm_P0.5mm_EP4.1x4.1mm_ThermalVias,28,CAN_STB,1.75,4.4375,0.25,0.825
U301,Package_DFN_QFN:QFN-64-1EP_9x9mm_P0.5mm_EP4.1x4.1mm_ThermalVias,29,GLS1,2.25,4.4375,0.25,0.825
U301,Package_DFN_QFN:QFN-64-1EP_9x9mm_P0.5mm_EP4.1x4.1mm_ThermalVias,30,GLS2,2.75,4.4375,0.25,0.825
U301,Package_DFN_QFN:QFN-64-1EP_9x9mm_P0.5mm_EP4.1x4.1mm_ThermalVias,31,GLS3,3.25,4.4375,0.25,0.825
U301,Package_DFN_QFN:QFN-64-1EP_9x9mm_P0.5mm_EP4.1x4.1mm_ThermalVias,32,GND,3.75,4.4375,0.25,0.825
U301,Package_DFN_QFN:QFN-64-1EP_9x9mm_P0.5mm_EP4.1x4.1mm_ThermalVias,33,NC,4.4375,3.75,0.825,0.25
U301,Package_DFN_QFN:QFN-64-1EP_9x9mm_P0.5mm_EP4.1x4.1mm_ThermalVias,34,NC,4.4375,3.25,0.825,0.25
U301,Package_DFN_QFN:QFN-64-1EP_9x9mm_P0.5mm_EP4.1x4.1mm_ThermalVias,35,BOOT3,4.4375,2.75,0.825,0.25
U301,Package_DFN_QFN:QFN-64-1EP_9x9mm_P0.5mm_EP4.1x4.1mm_ThermalVias,36,OUT3,4.4375,2.25,0.825,0.25
U301,Package_DFN_QFN:QFN-64-1EP_9x9mm_P0.5mm_EP4.1x4.1mm_ThermalVias,37,GHS3,4.4375,1.75,0.825,0.25
U301,Package_DFN_QFN:QFN-64-1EP_9x9mm_P0.5mm_EP4.1x4.1mm_ThermalVias,38,BOOT2,4.4375,1.25,0.825,0.25
U301,Package_DFN_QFN:QFN-64-1EP_9x9mm_P0.5mm_EP4.1x4.1mm_ThermalVias,39,OUT2,4.4375,0.75,0.825,0.25
U301,Package_DFN_QFN:QFN-64-1EP_9x9mm_P0.5mm_EP4.1x4.1mm_ThermalVias,40,GHS2,4.4375,0.25,0.825,0.25
U301,Package_DFN_QFN:QFN-64-1EP_9x9mm_P0.5mm_EP4.1x4.1mm_ThermalVias,41,BOOT1,4.4375,-0.25,0.825,0.25
U301,Package_DFN_QFN:QFN-64-1EP_9x9mm_P0.5mm_EP4.1x4.1mm_ThermalVias,42,OUT1,4.4375,-0.75,0.825,0.25
U301,Package_DFN_QFN:QFN-64-1EP_9x9mm_P0.5mm_EP4.1x4.1mm_ThermalVias,43,GHS1,4.4375,-1.25,0.825,0.25
U301,Package_DFN_QFN:QFN-64-1EP_9x9mm_P0.5mm_EP4.1x4.1mm_ThermalVias,44,SPARE_TIM_GPIO,4.4375,-1.75,0.825,0.25
U301,Package_DFN_QFN:QFN-64-1EP_9x9mm_P0.5mm_EP4.1x4.1mm_ThermalVias,45,USB_UART_TX,4.4375,-2.25,0.825,0.25
U301,Package_DFN_QFN:QFN-64-1EP_9x9mm_P0.5mm_EP4.1x4.1mm_ThermalVias,46,USB_UART_RX,4.4375,-2.75,0.825,0.25
U301,Package_DFN_QFN:QFN-64-1EP_9x9mm_P0.5mm_EP4.1x4.1mm_ThermalVias,47,FDCAN1_RX,4.4375,-3.25,0.825,0.25
U301,Package_DFN_QFN:QFN-64-1EP_9x9mm_P0.5mm_EP4.1x4.1mm_ThermalVias,48,FDCAN1_TX,4.4375,-3.75,0.825,0.25
U301,Package_DFN_QFN:QFN-64-1EP_9x9mm_P0.5mm_EP4.1x4.1mm_ThermalVias,49,SWDIO,3.75,-4.4375,0.25,0.825
U301,Package_DFN_QFN:QFN-64-1EP_9x9mm_P0.5mm_EP4.1x4.1mm_ThermalVias,50,SWCLK,3.25,-4.4375,0.25,0.825
U301,Package_DFN_QFN:QFN-64-1EP_9x9mm_P0.5mm_EP4.1x4.1mm_ThermalVias,51,AS5047P_CS_N,2.75,-4.4375,0.25,0.825
U301,Package_DFN_QFN:QFN-64-1EP_9x9mm_P0.5mm_EP4.1x4.1mm_ThermalVias,52,SCREF,2.25,-4.4375,0.25,0.825
U301,Package_DFN_QFN:QFN-64-1EP_9x9mm_P0.5mm_EP4.1x4.1mm_ThermalVias,53,FEEDBACK_SELECT,1.75,-4.4375,0.25,0.825
U301,Package_DFN_QFN:QFN-64-1EP_9x9mm_P0.5mm_EP4.1x4.1mm_ThermalVias,54,SPI3_SCK_MCU,1.25,-4.4375,0.25,0.825
U301,Package_DFN_QFN:QFN-64-1EP_9x9mm_P0.5mm_EP4.1x4.1mm_ThermalVias,55,SPI3_MISO,0.75,-4.4375,0.25,0.825
U301,Package_DFN_QFN:QFN-64-1EP_9x9mm_P0.5mm_EP4.1x4.1mm_ThermalVias,56,SPI3_MOSI_MCU,0.25,-4.4375,0.25,0.825
U301,Package_DFN_QFN:QFN-64-1EP_9x9mm_P0.5mm_EP4.1x4.1mm_ThermalVias,57,FEEDBACK_A_H1,-0.25,-4.4375,0.25,0.825
U301,Package_DFN_QFN:QFN-64-1EP_9x9mm_P0.5mm_EP4.1x4.1mm_ThermalVias,58,FEEDBACK_B_H2,-0.75,-4.4375,0.25,0.825
U301,Package_DFN_QFN:QFN-64-1EP_9x9mm_P0.5mm_EP4.1x4.1mm_ThermalVias,59,FEEDBACK_I_H3,-1.25,-4.4375,0.25,0.825
U301,Package_DFN_QFN:QFN-64-1EP_9x9mm_P0.5mm_EP4.1x4.1mm_ThermalVias,60,BRAKE_PWM,-1.75,-4.4375,0.25,0.825
U301,Package_DFN_QFN:QFN-64-1EP_9x9mm_P0.5mm_EP4.1x4.1mm_ThermalVias,61,VM,-2.25,-4.4375,0.25,0.825
U301,Package_DFN_QFN:QFN-64-1EP_9x9mm_P0.5mm_EP4.1x4.1mm_ThermalVias,62,VCC_SW,-2.75,-4.4375,0.25,0.825
U301,Package_DFN_QFN:QFN-64-1EP_9x9mm_P0.5mm_EP4.1x4.1mm_ThermalVias,63,VCC,-3.25,-4.4375,0.25,0.825
U301,Package_DFN_QFN:QFN-64-1EP_9x9mm_P0.5mm_EP4.1x4.1mm_ThermalVias,64,3V3,-3.75,-4.4375,0.25,0.825
U301,Package_DFN_QFN:QFN-64-1EP_9x9mm_P0.5mm_EP4.1x4.1mm_ThermalVias,65,GND,-1.8,-1.8,0.5,0.5
U301,Package_DFN_QFN:QFN-64-1EP_9x9mm_P0.5mm_EP4.1x4.1mm_ThermalVias,65,GND,-1.8,0.0,0.5,0.5
U301,Package_DFN_QFN:QFN-64-1EP_9x9mm_P0.5mm_EP4.1x4.1mm_ThermalVias,65,GND,-1.8,1.8,0.5,0.5
U301,Package_DFN_QFN:QFN-64-1EP_9x9mm_P0.5mm_EP4.1x4.1mm_ThermalVias,65,GND,0.0,-1.8,0.5,0.5
U301,Package_DFN_QFN:QFN-64-1EP_9x9mm_P0.5mm_EP4.1x4.1mm_ThermalVias,65,GND,0.0,0.0,0.5,0.5
U301,Package_DFN_QFN:QFN-64-1EP_9x9mm_P0.5mm_EP4.1x4.1mm_ThermalVias,65,GND,0.0,0.0,4.1,4.1
U301,Package_DFN_QFN:QFN-64-1EP_9x9mm_P0.5mm_EP4.1x4.1mm_ThermalVias,65,GND,0.0,0.0,4.1,4.1
U301,Package_DFN_QFN:QFN-64-1EP_9x9mm_P0.5mm_EP4.1x4.1mm_ThermalVias,65,GND,0.0,1.8,0.5,0.5
U301,Package_DFN_QFN:QFN-64-1EP_9x9mm_P0.5mm_EP4.1x4.1mm_ThermalVias,65,GND,1.8,-1.8,0.5,0.5
U301,Package_DFN_QFN:QFN-64-1EP_9x9mm_P0.5mm_EP4.1x4.1mm_ThermalVias,65,GND,1.8,0.0,0.5,0.5
U301,Package_DFN_QFN:QFN-64-1EP_9x9mm_P0.5mm_EP4.1x4.1mm_ThermalVias,65,GND,1.8,1.8,0.5,0.5
U501,Package_TO_SOT_SMD:SOT-23-5,1,VCC,-1.1375,-0.95,1.325,0.6
U501,Package_TO_SOT_SMD:SOT-23-5,2,GND,-1.1375,0.0,1.325,0.6
U501,Package_TO_SOT_SMD:SOT-23-5,3,BRAKE_PWM_DRV,-1.1375,0.95,1.325,0.6
U501,Package_TO_SOT_SMD:SOT-23-5,4,GND,1.1375,0.95,1.325,0.6
U501,Package_TO_SOT_SMD:SOT-23-5,5,BRAKE_GATE_DRV,1.1375,-0.95,1.325,0.6
U502,Package_TO_SOT_SMD:SOT-23-6,1,BRAKE_OV_CMD,-1.1375,-0.95,1.325,0.6
U502,Package_TO_SOT_SMD:SOT-23-6,2,GND,-1.1375,0.0,1.325,0.6
U502,Package_TO_SOT_SMD:SOT-23-6,3,BRAKE_OV_SENSE,-1.1375,0.95,1.325,0.6
U502,Package_TO_SOT_SMD:SOT-23-6,4,BRAKE_OV_REF,1.1375,0.95,1.325,0.6
U502,Package_TO_SOT_SMD:SOT-23-6,5,BRAKE_OV_REF,1.1375,0.0,1.325,0.6
U502,Package_TO_SOT_SMD:SOT-23-6,6,3V3,1.1375,-0.95,1.325,0.6
U601,Package_SO:TSSOP-14_4.4x5mm_P0.65mm,1,AS5047P_CS_N,-2.8625,-1.95,1.475,0.4
U601,Package_SO:TSSOP-14_4.4x5mm_P0.65mm,2,SPI3_SCK,-2.8625,-1.3,1.475,0.4
U601,Package_SO:TSSOP-14_4.4x5mm_P0.65mm,3,AS5047_MISO_RAW,-2.8625,-0.65,1.475,0.4
U601,Package_SO:TSSOP-14_4.4x5mm_P0.65mm,4,SPI3_MOSI,-2.8625,0.0,1.475,0.4
U601,Package_SO:TSSOP-14_4.4x5mm_P0.65mm,5,GND,-2.8625,0.65,1.475,0.4
U601,Package_SO:TSSOP-14_4.4x5mm_P0.65mm,6,ENC_ON_B,-2.8625,1.3,1.475,0.4
U601,Package_SO:TSSOP-14_4.4x5mm_P0.65mm,7,ENC_ON_A,-2.8625,1.95,1.475,0.4
U601,Package_SO:TSSOP-14_4.4x5mm_P0.65mm,8,NC,2.8625,1.95,1.475,0.4
U601,Package_SO:TSSOP-14_4.4x5mm_P0.65mm,9,NC,2.8625,1.3,1.475,0.4
U601,Package_SO:TSSOP-14_4.4x5mm_P0.65mm,10,NC,2.8625,0.65,1.475,0.4
U601,Package_SO:TSSOP-14_4.4x5mm_P0.65mm,11,3V3,2.8625,0.0,1.475,0.4
U601,Package_SO:TSSOP-14_4.4x5mm_P0.65mm,12,3V3,2.8625,-0.65,1.475,0.4
U601,Package_SO:TSSOP-14_4.4x5mm_P0.65mm,13,GND,2.8625,-1.3,1.475,0.4
U601,Package_SO:TSSOP-14_4.4x5mm_P0.65mm,14,ENC_ON_I,2.8625,-1.95,1.475,0.4
U602,Package_SO:TSSOP-16_4.4x5mm_P0.65mm,1,FEEDBACK_SELECT,-2.8625,-2.275,1.475,0.4
U602,Package_SO:TSSOP-16_4.4x5mm_P0.65mm,2,MUX_ON_A,-2.8625,-1.625,1.475,0.4
U602,Package_SO:TSSOP-16_4.4x5mm_P0.65mm,3,MUX_EXT_A,-2.8625,-0.975,1.475,0.4
U602,Package_SO:TSSOP-16_4.4x5mm_P0.65mm,4,FEEDBACK_A_H1,-2.8625,-0.325,1.475,0.4
U602,Package_SO:TSSOP-16_4.4x5mm_P0.65mm,5,MUX_ON_B,-2.8625,0.325,1.475,0.4
U602,Package_SO:TSSOP-16_4.4x5mm_P0.65mm,6,MUX_EXT_B,-2.8625,0.975,1.475,0.4
U602,Package_SO:TSSOP-16_4.4x5mm_P0.65mm,7,FEEDBACK_B_H2,-2.8625,1.625,1.475,0.4
U602,Package_SO:TSSOP-16_4.4x5mm_P0.65mm,8,GND,-2.8625,2.275,1.475,0.4
U602,Package_SO:TSSOP-16_4.4x5mm_P0.65mm,9,FEEDBACK_I_H3,2.8625,2.275,1.475,0.4
U602,Package_SO:TSSOP-16_4.4x5mm_P0.65mm,10,MUX_EXT_I,2.8625,1.625,1.475,0.4
U602,Package_SO:TSSOP-16_4.4x5mm_P0.65mm,11,MUX_ON_I,2.8625,0.975,1.475,0.4
U602,Package_SO:TSSOP-16_4.4x5mm_P0.65mm,12,VBUS_SENSE,2.8625,0.325,1.475,0.4
U602,Package_SO:TSSOP-16_4.4x5mm_P0.65mm,13,VBUS_MUX_IN,2.8625,-0.325,1.475,0.4
U602,Package_SO:TSSOP-16_4.4x5mm_P0.65mm,14,VBUS_MUX_IN,2.8625,-0.975,1.475,0.4
U602,Package_SO:TSSOP-16_4.4x5mm_P0.65mm,15,FEEDBACK_ENABLE_N,2.8625,-1.625,1.475,0.4
U602,Package_SO:TSSOP-16_4.4x5mm_P0.65mm,16,3V3,2.8625,-2.275,1.475,0.4
U701,Package_LGA:Bosch_LGA-14_3x2.5mm_P0.5mm,1,BMI323_MISO_RAW,-1.2625,-0.75,0.675,0.25
U701,Package_LGA:Bosch_LGA-14_3x2.5mm_P0.5mm,2,NC,-1.2625,-0.25,0.675,0.25
U701,Package_LGA:Bosch_LGA-14_3x2.5mm_P0.5mm,3,NC,-1.2625,0.25,0.675,0.25
U701,Package_LGA:Bosch_LGA-14_3x2.5mm_P0.5mm,4,IMU_INT1,-1.2625,0.75,0.675,0.25
U701,Package_LGA:Bosch_LGA-14_3x2.5mm_P0.5mm,5,3V3,-0.5,1.0125,0.25,0.675
U701,Package_LGA:Bosch_LGA-14_3x2.5mm_P0.5mm,6,GND,0.0,1.0125,0.25,0.675
U701,Package_LGA:Bosch_LGA-14_3x2.5mm_P0.5mm,7,GND,0.5,1.0125,0.25,0.675
U701,Package_LGA:Bosch_LGA-14_3x2.5mm_P0.5mm,8,3V3,1.2625,0.75,0.675,0.25
U701,Package_LGA:Bosch_LGA-14_3x2.5mm_P0.5mm,9,IMU_INT2,1.2625,0.25,0.675,0.25
U701,Package_LGA:Bosch_LGA-14_3x2.5mm_P0.5mm,10,NC,1.2625,-0.25,0.675,0.25
U701,Package_LGA:Bosch_LGA-14_3x2.5mm_P0.5mm,11,NC,1.2625,-0.75,0.675,0.25
U701,Package_LGA:Bosch_LGA-14_3x2.5mm_P0.5mm,12,IMU_CS_N,0.5,-1.0125,0.25,0.675
U701,Package_LGA:Bosch_LGA-14_3x2.5mm_P0.5mm,13,SPI3_SCK,0.0,-1.0125,0.25,0.675
U701,Package_LGA:Bosch_LGA-14_3x2.5mm_P0.5mm,14,SPI3_MOSI,-0.5,-1.0125,0.25,0.675
U801,Package_SO:SOIC-8_3.9x4.9mm_P1.27mm,1,FDCAN1_TX,-2.475,-1.905,1.95,0.6
U801,Package_SO:SOIC-8_3.9x4.9mm_P1.27mm,2,GND,-2.475,-0.635,1.95,0.6
U801,Package_SO:SOIC-8_3.9x4.9mm_P1.27mm,3,3V3,-2.475,0.635,1.95,0.6
U801,Package_SO:SOIC-8_3.9x4.9mm_P1.27mm,4,FDCAN1_RX,-2.475,1.905,1.95,0.6
U801,Package_SO:SOIC-8_3.9x4.9mm_P1.27mm,5,3V3,2.475,1.905,1.95,0.6
U801,Package_SO:SOIC-8_3.9x4.9mm_P1.27mm,6,CANL_INT,2.475,0.635,1.95,0.6
U801,Package_SO:SOIC-8_3.9x4.9mm_P1.27mm,7,CANH_INT,2.475,-0.635,1.95,0.6
U801,Package_SO:SOIC-8_3.9x4.9mm_P1.27mm,8,CAN_STB,2.475,-1.905,1.95,0.6
U901,Package_DFN_QFN:SiliconLabs_QFN-20-1EP_3x3mm_P0.5mm_EP1.8x1.8mm_ThermalVias,,MECHANICAL/PASTE,-0.45,-0.45,0.54,0.54
U901,Package_DFN_QFN:SiliconLabs_QFN-20-1EP_3x3mm_P0.5mm_EP1.8x1.8mm_ThermalVias,,MECHANICAL/PASTE,-0.45,0.45,0.54,0.54
U901,Package_DFN_QFN:SiliconLabs_QFN-20-1EP_3x3mm_P0.5mm_EP1.8x1.8mm_ThermalVias,,MECHANICAL/PASTE,0.45,-0.45,0.54,0.54
U901,Package_DFN_QFN:SiliconLabs_QFN-20-1EP_3x3mm_P0.5mm_EP1.8x1.8mm_ThermalVias,,MECHANICAL/PASTE,0.45,0.45,0.54,0.54
U901,Package_DFN_QFN:SiliconLabs_QFN-20-1EP_3x3mm_P0.5mm_EP1.8x1.8mm_ThermalVias,1,NC,-1.25,-1.25,0.3,0.3
U901,Package_DFN_QFN:SiliconLabs_QFN-20-1EP_3x3mm_P0.5mm_EP1.8x1.8mm_ThermalVias,2,NC,-1.55,-0.75,0.9,0.3
U901,Package_DFN_QFN:SiliconLabs_QFN-20-1EP_3x3mm_P0.5mm_EP1.8x1.8mm_ThermalVias,3,GND,-1.55,-0.25,0.9,0.3
U901,Package_DFN_QFN:SiliconLabs_QFN-20-1EP_3x3mm_P0.5mm_EP1.8x1.8mm_ThermalVias,4,USB_DP,-1.55,0.25,0.9,0.3
U901,Package_DFN_QFN:SiliconLabs_QFN-20-1EP_3x3mm_P0.5mm_EP1.8x1.8mm_ThermalVias,5,USB_DM,-1.55,0.75,0.9,0.3
U901,Package_DFN_QFN:SiliconLabs_QFN-20-1EP_3x3mm_P0.5mm_EP1.8x1.8mm_ThermalVias,6,3V3,-1.25,1.25,0.3,0.3
U901,Package_DFN_QFN:SiliconLabs_QFN-20-1EP_3x3mm_P0.5mm_EP1.8x1.8mm_ThermalVias,7,3V3,-0.75,1.55,0.9,0.3
U901,Package_DFN_QFN:SiliconLabs_QFN-20-1EP_3x3mm_P0.5mm_EP1.8x1.8mm_ThermalVias,8,CP2102_VBUS_SENSE,-0.25,1.55,0.9,0.3
U901,Package_DFN_QFN:SiliconLabs_QFN-20-1EP_3x3mm_P0.5mm_EP1.8x1.8mm_ThermalVias,9,CP2102_RST_N,0.25,1.55,0.9,0.3
U901,Package_DFN_QFN:SiliconLabs_QFN-20-1EP_3x3mm_P0.5mm_EP1.8x1.8mm_ThermalVias,10,NC,0.75,1.55,0.9,0.3
U901,Package_DFN_QFN:SiliconLabs_QFN-20-1EP_3x3mm_P0.5mm_EP1.8x1.8mm_ThermalVias,11,NC,1.25,1.25,0.3,0.3
U901,Package_DFN_QFN:SiliconLabs_QFN-20-1EP_3x3mm_P0.5mm_EP1.8x1.8mm_ThermalVias,12,GND,1.55,0.75,0.9,0.3
U901,Package_DFN_QFN:SiliconLabs_QFN-20-1EP_3x3mm_P0.5mm_EP1.8x1.8mm_ThermalVias,13,NC,1.55,0.25,0.9,0.3
U901,Package_DFN_QFN:SiliconLabs_QFN-20-1EP_3x3mm_P0.5mm_EP1.8x1.8mm_ThermalVias,14,NC,1.55,-0.25,0.9,0.3
U901,Package_DFN_QFN:SiliconLabs_QFN-20-1EP_3x3mm_P0.5mm_EP1.8x1.8mm_ThermalVias,15,NC,1.55,-0.75,0.9,0.3
U901,Package_DFN_QFN:SiliconLabs_QFN-20-1EP_3x3mm_P0.5mm_EP1.8x1.8mm_ThermalVias,16,NC,1.25,-1.25,0.3,0.3
U901,Package_DFN_QFN:SiliconLabs_QFN-20-1EP_3x3mm_P0.5mm_EP1.8x1.8mm_ThermalVias,17,UART_BRIDGE_RX,0.75,-1.55,0.9,0.3
U901,Package_DFN_QFN:SiliconLabs_QFN-20-1EP_3x3mm_P0.5mm_EP1.8x1.8mm_ThermalVias,18,UART_BRIDGE_TX,0.25,-1.55,0.9,0.3
U901,Package_DFN_QFN:SiliconLabs_QFN-20-1EP_3x3mm_P0.5mm_EP1.8x1.8mm_ThermalVias,19,NC,-0.25,-1.55,0.9,0.3
U901,Package_DFN_QFN:SiliconLabs_QFN-20-1EP_3x3mm_P0.5mm_EP1.8x1.8mm_ThermalVias,20,NC,-0.75,-1.55,0.9,0.3
U901,Package_DFN_QFN:SiliconLabs_QFN-20-1EP_3x3mm_P0.5mm_EP1.8x1.8mm_ThermalVias,21,GND,-0.45,0.0,0.6,0.6
U901,Package_DFN_QFN:SiliconLabs_QFN-20-1EP_3x3mm_P0.5mm_EP1.8x1.8mm_ThermalVias,21,GND,0.0,-0.45,0.6,0.6
U901,Package_DFN_QFN:SiliconLabs_QFN-20-1EP_3x3mm_P0.5mm_EP1.8x1.8mm_ThermalVias,21,GND,0.0,0.0,0.6,0.6
U901,Package_DFN_QFN:SiliconLabs_QFN-20-1EP_3x3mm_P0.5mm_EP1.8x1.8mm_ThermalVias,21,GND,0.0,0.0,1.8,1.8
U901,Package_DFN_QFN:SiliconLabs_QFN-20-1EP_3x3mm_P0.5mm_EP1.8x1.8mm_ThermalVias,21,GND,0.0,0.0,2.8,2.8
U901,Package_DFN_QFN:SiliconLabs_QFN-20-1EP_3x3mm_P0.5mm_EP1.8x1.8mm_ThermalVias,21,GND,0.0,0.45,0.6,0.6
U901,Package_DFN_QFN:SiliconLabs_QFN-20-1EP_3x3mm_P0.5mm_EP1.8x1.8mm_ThermalVias,21,GND,0.45,0.0,0.6,0.6
Y301,Crystal:Crystal_SMD_3225-4Pin_3.2x2.5mm,1,HSE_OSC_IN,-1.1,0.85,1.4,1.2
Y301,Crystal:Crystal_SMD_3225-4Pin_3.2x2.5mm,2,GND,1.1,0.85,1.4,1.2
Y301,Crystal:Crystal_SMD_3225-4Pin_3.2x2.5mm,3,HSE_OSC_OUT,1.1,-0.85,1.4,1.2
Y301,Crystal:Crystal_SMD_3225-4Pin_3.2x2.5mm,4,GND,-1.1,-0.85,1.4,1.2
