"Reference","Value","Footprint","MPN","Assembly","Rating","Procurement","Datasheet","DNP"
"C101","680uF 63V","Capacitor_SMD:CP_Elec_18x17.5","EEVFK1J681M","FIT","See Value; generic low-voltage passives: R >=0.1 W / 50 V, C >=16 V X7R unless specified","","",""
"C102","680uF 63V","Capacitor_SMD:CP_Elec_18x17.5","EEVFK1J681M","FIT","See Value; generic low-voltage passives: R >=0.1 W / 50 V, C >=16 V X7R unless specified","","",""
"C103","680uF 63V","Capacitor_SMD:CP_Elec_18x17.5","EEVFK1J681M","FIT","See Value; generic low-voltage passives: R >=0.1 W / 50 V, C >=16 V X7R unless specified","","",""
"C104","4.7uF 100V X7R","Capacitor_SMD:C_1210_3225Metric","","FIT","See Value; generic low-voltage passives: R >=0.1 W / 50 V, C >=16 V X7R unless specified","Select to specification: 4.7uF 100V X7R; C_1210_3225Metric","",""
"C105","100nF 100V X7R","Capacitor_SMD:C_0805_2012Metric","","FIT","See Value; generic low-voltage passives: R >=0.1 W / 50 V, C >=16 V X7R unless specified","Select to specification: 100nF 100V X7R; C_0805_2012Metric","",""
"C106","10nF 100V C0G","Capacitor_SMD:C_0603_1608Metric","","FIT","See Value; generic low-voltage passives: R >=0.1 W / 50 V, C >=16 V X7R unless specified","Select to specification: 10nF 100V C0G; C_0603_1608Metric","",""
"C107","RC DAMP C - TUNE","Capacitor_SMD:C_2220_5750Metric","","DNP","See Value; generic low-voltage passives: R >=0.1 W / 50 V, C >=16 V X7R unless specified","Select to specification: RC DAMP C - TUNE; C_2220_5750Metric","","DNP"
"C108","10nF","Capacitor_SMD:C_0603_1608Metric","","FIT","See Value; generic low-voltage passives: R >=0.1 W / 50 V, C >=16 V X7R unless specified","Select to specification: 10nF; C_0603_1608Metric","",""
"C201","2.2uF 100V X7R","Capacitor_SMD:C_1210_3225Metric","","FIT","See Value; generic low-voltage passives: R >=0.1 W / 50 V, C >=16 V X7R unless specified","Select to specification: 2.2uF 100V X7R; C_1210_3225Metric","",""
"C202","220nF 100V X7R","Capacitor_SMD:C_0805_2012Metric","","FIT","See Value; generic low-voltage passives: R >=0.1 W / 50 V, C >=16 V X7R unless specified","Select to specification: 220nF 100V X7R; C_0805_2012Metric","",""
"C203","100nF","Capacitor_SMD:C_0603_1608Metric","","FIT","See Value; generic low-voltage passives: R >=0.1 W / 50 V, C >=16 V X7R unless specified","Select to specification: 100nF; C_0603_1608Metric","",""
"C204","1uF","Capacitor_SMD:C_0603_1608Metric","","FIT","See Value; generic low-voltage passives: R >=0.1 W / 50 V, C >=16 V X7R unless specified","Select to specification: 1uF; C_0603_1608Metric","",""
"C205","22uF 10V X7R","Capacitor_SMD:C_1210_3225Metric","","FIT","See Value; generic low-voltage passives: R >=0.1 W / 50 V, C >=16 V X7R unless specified","Select to specification: 22uF 10V X7R; C_1210_3225Metric","",""
"C206","22uF 10V X7R","Capacitor_SMD:C_1210_3225Metric","","FIT","See Value; generic low-voltage passives: R >=0.1 W / 50 V, C >=16 V X7R unless specified","Select to specification: 22uF 10V X7R; C_1210_3225Metric","",""
"C207","4.7nF 2kV","Capacitor_SMD:C_1206_3216Metric","","DNP","See Value; generic low-voltage passives: R >=0.1 W / 50 V, C >=16 V X7R unless specified","Select to specification: 4.7nF 2kV; C_1206_3216Metric","","DNP"
"C208","1uF 10V","Capacitor_SMD:C_0603_1608Metric","","FIT","See Value; generic low-voltage passives: R >=0.1 W / 50 V, C >=16 V X7R unless specified","Select to specification: 1uF 10V; C_0603_1608Metric","",""
"C209","100nF","Capacitor_SMD:C_0603_1608Metric","","FIT","See Value; generic low-voltage passives: R >=0.1 W / 50 V, C >=16 V X7R unless specified","Select to specification: 100nF; C_0603_1608Metric","",""
"C210","22uF 10V X7R","Capacitor_SMD:C_1210_3225Metric","","FIT","See Value; generic low-voltage passives: R >=0.1 W / 50 V, C >=16 V X7R unless specified","Select to specification: 22uF 10V X7R; C_1210_3225Metric","",""
"C211","100nF","Capacitor_SMD:C_0603_1608Metric","","FIT","See Value; generic low-voltage passives: R >=0.1 W / 50 V, C >=16 V X7R unless specified","Select to specification: 100nF; C_0603_1608Metric","",""
"C212","2.2uF 10V X7R","Capacitor_SMD:C_0603_1608Metric","","FIT","See Value; generic low-voltage passives: R >=0.1 W / 50 V, C >=16 V X7R unless specified","Select to specification: 2.2uF 10V X7R; C_0603_1608Metric","",""
"C213","2.2uF 10V X7R","Capacitor_SMD:C_0603_1608Metric","","FIT","See Value; generic low-voltage passives: R >=0.1 W / 50 V, C >=16 V X7R unless specified","Select to specification: 2.2uF 10V X7R; C_0603_1608Metric","",""
"C301","100nF","Capacitor_SMD:C_0603_1608Metric","","FIT","See Value; generic low-voltage passives: R >=0.1 W / 50 V, C >=16 V X7R unless specified","Select to specification: 100nF; C_0603_1608Metric","",""
"C302","10uF 10V","Capacitor_SMD:C_0805_2012Metric","","FIT","See Value; generic low-voltage passives: R >=0.1 W / 50 V, C >=16 V X7R unless specified","Select to specification: 10uF 10V; C_0805_2012Metric","",""
"C303","100nF","Capacitor_SMD:C_0603_1608Metric","","FIT","See Value; generic low-voltage passives: R >=0.1 W / 50 V, C >=16 V X7R unless specified","Select to specification: 100nF; C_0603_1608Metric","",""
"C304","1uF","Capacitor_SMD:C_0603_1608Metric","","FIT","See Value; generic low-voltage passives: R >=0.1 W / 50 V, C >=16 V X7R unless specified","Select to specification: 1uF; C_0603_1608Metric","",""
"C305","100nF","Capacitor_SMD:C_0603_1608Metric","","FIT","See Value; generic low-voltage passives: R >=0.1 W / 50 V, C >=16 V X7R unless specified","Select to specification: 100nF; C_0603_1608Metric","",""
"C306","1uF","Capacitor_SMD:C_0603_1608Metric","","FIT","See Value; generic low-voltage passives: R >=0.1 W / 50 V, C >=16 V X7R unless specified","Select to specification: 1uF; C_0603_1608Metric","",""
"C307","100nF","Capacitor_SMD:C_0603_1608Metric","","FIT","See Value; generic low-voltage passives: R >=0.1 W / 50 V, C >=16 V X7R unless specified","Select to specification: 100nF; C_0603_1608Metric","",""
"C308","10pF C0G","Capacitor_SMD:C_0603_1608Metric","","FIT","See Value; generic low-voltage passives: R >=0.1 W / 50 V, C >=16 V X7R unless specified","Select to specification: 10pF C0G; C_0603_1608Metric","",""
"C309","10pF C0G","Capacitor_SMD:C_0603_1608Metric","","FIT","See Value; generic low-voltage passives: R >=0.1 W / 50 V, C >=16 V X7R unless specified","Select to specification: 10pF C0G; C_0603_1608Metric","",""
"C310","100nF","Capacitor_SMD:C_0603_1608Metric","","FIT","See Value; generic low-voltage passives: R >=0.1 W / 50 V, C >=16 V X7R unless specified","Select to specification: 100nF; C_0603_1608Metric","",""
"C311","220nF 100V","Capacitor_SMD:C_0805_2012Metric","","FIT","See Value; generic low-voltage passives: R >=0.1 W / 50 V, C >=16 V X7R unless specified","Select to specification: 220nF 100V; C_0805_2012Metric","",""
"C312","10uF 25V X7R","Capacitor_SMD:C_1210_3225Metric","","FIT","See Value; generic low-voltage passives: R >=0.1 W / 50 V, C >=16 V X7R unless specified","Select to specification: 10uF 25V X7R; C_1210_3225Metric","",""
"C313","100nF 25V","Capacitor_SMD:C_0603_1608Metric","","FIT","See Value; generic low-voltage passives: R >=0.1 W / 50 V, C >=16 V X7R unless specified","Select to specification: 100nF 25V; C_0603_1608Metric","",""
"C314","10nF","Capacitor_SMD:C_0603_1608Metric","","FIT","See Value; generic low-voltage passives: R >=0.1 W / 50 V, C >=16 V X7R unless specified","Select to specification: 10nF; C_0603_1608Metric","",""
"C411","100nF 25V","Capacitor_SMD:C_0603_1608Metric","","FIT","See Value; generic low-voltage passives: R >=0.1 W / 50 V, C >=16 V X7R unless specified","Select to specification: 100nF 25V; C_0603_1608Metric","",""
"C412","1uF 100V X7R","Capacitor_SMD:C_1210_3225Metric","","FIT","See Value; generic low-voltage passives: R >=0.1 W / 50 V, C >=16 V X7R unless specified","Select to specification: 1uF 100V X7R; C_1210_3225Metric","",""
"C413","SNUBBER C TUNE","Capacitor_SMD:C_1210_3225Metric","","DNP","See Value; generic low-voltage passives: R >=0.1 W / 50 V, C >=16 V X7R unless specified","Select to specification: SNUBBER C TUNE; C_1210_3225Metric","","DNP"
"C414","47pF C0G","Capacitor_SMD:C_0603_1608Metric","","DNP","See Value; generic low-voltage passives: R >=0.1 W / 50 V, C >=16 V X7R unless specified","Select to specification: 47pF C0G; C_0603_1608Metric","","DNP"
"C415","10nF 100V X7S","Capacitor_SMD:C_0402_1005Metric","","FIT","See Value; generic low-voltage passives: R >=0.1 W / 50 V, C >=16 V X7R unless specified","Select to specification: 10nF 100V X7S; C_0402_1005Metric","",""
"C421","100nF 25V","Capacitor_SMD:C_0603_1608Metric","","FIT","See Value; generic low-voltage passives: R >=0.1 W / 50 V, C >=16 V X7R unless specified","Select to specification: 100nF 25V; C_0603_1608Metric","",""
"C422","1uF 100V X7R","Capacitor_SMD:C_1210_3225Metric","","FIT","See Value; generic low-voltage passives: R >=0.1 W / 50 V, C >=16 V X7R unless specified","Select to specification: 1uF 100V X7R; C_1210_3225Metric","",""
"C423","SNUBBER C TUNE","Capacitor_SMD:C_1210_3225Metric","","DNP","See Value; generic low-voltage passives: R >=0.1 W / 50 V, C >=16 V X7R unless specified","Select to specification: SNUBBER C TUNE; C_1210_3225Metric","","DNP"
"C424","47pF C0G","Capacitor_SMD:C_0603_1608Metric","","DNP","See Value; generic low-voltage passives: R >=0.1 W / 50 V, C >=16 V X7R unless specified","Select to specification: 47pF C0G; C_0603_1608Metric","","DNP"
"C425","10nF 100V X7S","Capacitor_SMD:C_0402_1005Metric","","FIT","See Value; generic low-voltage passives: R >=0.1 W / 50 V, C >=16 V X7R unless specified","Select to specification: 10nF 100V X7S; C_0402_1005Metric","",""
"C431","100nF 25V","Capacitor_SMD:C_0603_1608Metric","","FIT","See Value; generic low-voltage passives: R >=0.1 W / 50 V, C >=16 V X7R unless specified","Select to specification: 100nF 25V; C_0603_1608Metric","",""
"C432","1uF 100V X7R","Capacitor_SMD:C_1210_3225Metric","","FIT","See Value; generic low-voltage passives: R >=0.1 W / 50 V, C >=16 V X7R unless specified","Select to specification: 1uF 100V X7R; C_1210_3225Metric","",""
"C433","SNUBBER C TUNE","Capacitor_SMD:C_1210_3225Metric","","DNP","See Value; generic low-voltage passives: R >=0.1 W / 50 V, C >=16 V X7R unless specified","Select to specification: SNUBBER C TUNE; C_1210_3225Metric","","DNP"
"C434","47pF C0G","Capacitor_SMD:C_0603_1608Metric","","DNP","See Value; generic low-voltage passives: R >=0.1 W / 50 V, C >=16 V X7R unless specified","Select to specification: 47pF C0G; C_0603_1608Metric","","DNP"
"C435","10nF 100V X7S","Capacitor_SMD:C_0402_1005Metric","","FIT","See Value; generic low-voltage passives: R >=0.1 W / 50 V, C >=16 V X7R unless specified","Select to specification: 10nF 100V X7S; C_0402_1005Metric","",""
"C501","1uF 25V","Capacitor_SMD:C_0603_1608Metric","","FIT","See Value; generic low-voltage passives: R >=0.1 W / 50 V, C >=16 V X7R unless specified","Select to specification: 1uF 25V; C_0603_1608Metric","",""
"C502","100nF 25V","Capacitor_SMD:C_0603_1608Metric","","FIT","See Value; generic low-voltage passives: R >=0.1 W / 50 V, C >=16 V X7R unless specified","Select to specification: 100nF 25V; C_0603_1608Metric","",""
"C503","100nF","Capacitor_SMD:C_0603_1608Metric","","FIT","See Value; generic low-voltage passives: R >=0.1 W / 50 V, C >=16 V X7R unless specified","Select to specification: 100nF; C_0603_1608Metric","",""
"C504","1nF C0G","Capacitor_SMD:C_0603_1608Metric","","FIT","See Value; generic low-voltage passives: R >=0.1 W / 50 V, C >=16 V X7R unless specified","Select to specification: 1nF C0G; C_0603_1608Metric","",""
"C601","100nF","Capacitor_SMD:C_0603_1608Metric","","FIT","See Value; generic low-voltage passives: R >=0.1 W / 50 V, C >=16 V X7R unless specified","Select to specification: 100nF; C_0603_1608Metric","",""
"C602","1uF","Capacitor_SMD:C_0603_1608Metric","","FIT","See Value; generic low-voltage passives: R >=0.1 W / 50 V, C >=16 V X7R unless specified","Select to specification: 1uF; C_0603_1608Metric","",""
"C603","100nF","Capacitor_SMD:C_0603_1608Metric","","FIT","See Value; generic low-voltage passives: R >=0.1 W / 50 V, C >=16 V X7R unless specified","Select to specification: 100nF; C_0603_1608Metric","",""
"C604","100nF 50V","Capacitor_SMD:C_0603_1608Metric","","FIT","See Value; generic low-voltage passives: R >=0.1 W / 50 V, C >=16 V X7R unless specified","Select to specification: 100nF 50V; C_0603_1608Metric","",""
"C701","100nF","Capacitor_SMD:C_0603_1608Metric","","FIT","See Value; generic low-voltage passives: R >=0.1 W / 50 V, C >=16 V X7R unless specified","Select to specification: 100nF; C_0603_1608Metric","",""
"C702","100nF","Capacitor_SMD:C_0603_1608Metric","","FIT","See Value; generic low-voltage passives: R >=0.1 W / 50 V, C >=16 V X7R unless specified","Select to specification: 100nF; C_0603_1608Metric","",""
"C711","10nF","Capacitor_SMD:C_0603_1608Metric","","FIT","See Value; generic low-voltage passives: R >=0.1 W / 50 V, C >=16 V X7R unless specified","Select to specification: 10nF; C_0603_1608Metric","",""
"C712","10nF","Capacitor_SMD:C_0603_1608Metric","","FIT","See Value; generic low-voltage passives: R >=0.1 W / 50 V, C >=16 V X7R unless specified","Select to specification: 10nF; C_0603_1608Metric","",""
"C713","10nF","Capacitor_SMD:C_0603_1608Metric","","FIT","See Value; generic low-voltage passives: R >=0.1 W / 50 V, C >=16 V X7R unless specified","Select to specification: 10nF; C_0603_1608Metric","",""
"C801","100nF","Capacitor_SMD:C_0603_1608Metric","","FIT","See Value; generic low-voltage passives: R >=0.1 W / 50 V, C >=16 V X7R unless specified","Select to specification: 100nF; C_0603_1608Metric","",""
"C802","1uF","Capacitor_SMD:C_0603_1608Metric","","FIT","See Value; generic low-voltage passives: R >=0.1 W / 50 V, C >=16 V X7R unless specified","Select to specification: 1uF; C_0603_1608Metric","",""
"C901","4.7uF 10V","Capacitor_SMD:C_0603_1608Metric","","FIT","See Value; generic low-voltage passives: R >=0.1 W / 50 V, C >=16 V X7R unless specified","Select to specification: 4.7uF 10V; C_0603_1608Metric","",""
"C902","100nF","Capacitor_SMD:C_0603_1608Metric","","FIT","See Value; generic low-voltage passives: R >=0.1 W / 50 V, C >=16 V X7R unless specified","Select to specification: 100nF; C_0603_1608Metric","",""
"C903","4.7uF 10V","Capacitor_SMD:C_0603_1608Metric","","FIT","See Value; generic low-voltage passives: R >=0.1 W / 50 V, C >=16 V X7R unless specified","Select to specification: 4.7uF 10V; C_0603_1608Metric","",""
"C904","100nF","Capacitor_SMD:C_0603_1608Metric","","FIT","See Value; generic low-voltage passives: R >=0.1 W / 50 V, C >=16 V X7R unless specified","Select to specification: 100nF; C_0603_1608Metric","",""
"D101","VM TVS - SELECT AFTER TEST","Diode_SMD:D_SMC","","DNP","See Value; generic low-voltage passives: R >=0.1 W / 50 V, C >=16 V X7R unless specified","Select to specification: VM TVS - SELECT AFTER TEST; D_SMC","","DNP"
"D301","RED","LED_SMD:LED_0603_1608Metric","","FIT","See Value; generic low-voltage passives: R >=0.1 W / 50 V, C >=16 V X7R unless specified","Select to specification: RED; LED_0603_1608Metric","",""
"D302","STPS1H100A","Diode_SMD:D_SMA","STPS1H100A","FIT","See Value; generic low-voltage passives: R >=0.1 W / 50 V, C >=16 V X7R unless specified","","",""
"D501","BZT52C12 12V","Diode_SMD:D_SOD-123","BZT52C12","FIT","See Value; generic low-voltage passives: R >=0.1 W / 50 V, C >=16 V X7R unless specified","","",""
"D502","BAT54H","Diode_SMD:D_SOD-123F","BAT54H,115","FIT","See Value; generic low-voltage passives: R >=0.1 W / 50 V, C >=16 V X7R unless specified","","",""
"D503","BAT54H","Diode_SMD:D_SOD-123F","BAT54H,115","FIT","See Value; generic low-voltage passives: R >=0.1 W / 50 V, C >=16 V X7R unless specified","","",""
"D504","B5100C 100V 5A","Diode_SMD:D_SMC","B5100C-13-F","FIT","See Value; generic low-voltage passives: R >=0.1 W / 50 V, C >=16 V X7R unless specified","","",""
"D601","TPD3E001DRLR 3-line ESD","Package_TO_SOT_SMD:Texas_R-PDSO-N5_DRL-5","TPD3E001DRLR","FIT","See Value; generic low-voltage passives: R >=0.1 W / 50 V, C >=16 V X7R unless specified","","https://www.ti.com/lit/ds/symlink/tpd3e001.pdf",""
"D801","PESD2CANFD24V-T","Package_TO_SOT_SMD:SOT-23","PESD2CANFD24V-T","FIT","See Value; generic low-voltage passives: R >=0.1 W / 50 V, C >=16 V X7R unless specified","","https://assets.nexperia.com/documents/data-sheet/PESD2CANFD24V-T.pdf",""
"J101","AMASS XT60PW-M","Connector_AMASS:AMASS_XT60PW-M_1x02_P7.20mm_Horizontal","XT60PW-M","FIT","See Value; generic low-voltage passives: R >=0.1 W / 50 V, C >=16 V X7R unless specified","","",""
"J201","USB-C service","Connector_USB:USB_C_Receptacle_HRO_TYPE-C-31-M-12","TYPE-C-31-M-12","FIT","See Value; generic low-voltage passives: R >=0.1 W / 50 V, C >=16 V X7R unless specified","","",""
"J401","MOTOR U/V/W","Connector_Wire:SolderWire-6sqmm_1x03_P14mm_D3.5mm_OD7mm","","FIT","See Value; generic low-voltage passives: R >=0.1 W / 50 V, C >=16 V X7R unless specified","Select to specification: MOTOR U/V/W; SolderWire-6sqmm_1x03_P14mm_D3.5mm_OD7mm","",""
"J501","BRAKE RESISTOR","Connector_Wire:SolderWire-2sqmm_1x02_P7.8mm_D2mm_OD3.9mm","","FIT","See Value; generic low-voltage passives: R >=0.1 W / 50 V, C >=16 V X7R unless specified","Select to specification: BRAKE RESISTOR; SolderWire-2sqmm_1x02_P7.8mm_D2mm_OD3.9mm","",""
"J601","EXT ENCODER / HALL","Connector_JST:JST_GH_BM06B-GHS-TBT_1x06-1MP_P1.25mm_Vertical","BM06B-GHS-TBT","FIT","See Value; generic low-voltage passives: R >=0.1 W / 50 V, C >=16 V X7R unless specified","","",""
"J801","CAN 1","Connector_JST:JST_GH_BM04B-GHS-TBT_1x04-1MP_P1.25mm_Vertical","BM04B-GHS-TBT","FIT","See Value; generic low-voltage passives: R >=0.1 W / 50 V, C >=16 V X7R unless specified","","",""
"J802","CAN 2","Connector_JST:JST_GH_BM04B-GHS-TBT_1x04-1MP_P1.25mm_Vertical","BM04B-GHS-TBT","FIT","See Value; generic low-voltage passives: R >=0.1 W / 50 V, C >=16 V X7R unless specified","","",""
"J1001","ARM Cortex SWD 10-pin","Connector_PinHeader_1.27mm:PinHeader_2x05_P1.27mm_Vertical_SMD","FTSH-105-01-L-DV-K","FIT","See Value; generic low-voltage passives: R >=0.1 W / 50 V, C >=16 V X7R unless specified","","",""
"JP801","TERM ENABLE","Jumper:SolderJumper-2_P1.3mm_Open_Pad1.0x1.5mm","","DNP","See Value; generic low-voltage passives: R >=0.1 W / 50 V, C >=16 V X7R unless specified","Select to specification: TERM ENABLE; SolderJumper-2_P1.3mm_Open_Pad1.0x1.5mm","","DNP"
"L201","22uH / 2.75A","ShiroFOC_Footprints:WE_LHMI_7050_74437349220","74437349220","FIT","See Value; generic low-voltage passives: R >=0.1 W / 50 V, C >=16 V X7R unless specified","","",""
"L301","22uH / 2.75A","ShiroFOC_Footprints:WE_LHMI_7050_74437349220","74437349220","FIT","See Value; generic low-voltage passives: R >=0.1 W / 50 V, C >=16 V X7R unless specified","","",""
"Q401","CSD88599Q5DC","ShiroFOC_Footprints:CSD88599Q5DC_DMM0022A","CSD88599Q5DC","FIT","See Value; generic low-voltage passives: R >=0.1 W / 50 V, C >=16 V X7R unless specified","","../DataSheets/CSD88599Q5DC.pdf",""
"Q402","CSD88599Q5DC","ShiroFOC_Footprints:CSD88599Q5DC_DMM0022A","CSD88599Q5DC","FIT","See Value; generic low-voltage passives: R >=0.1 W / 50 V, C >=16 V X7R unless specified","","../DataSheets/CSD88599Q5DC.pdf",""
"Q403","CSD88599Q5DC","ShiroFOC_Footprints:CSD88599Q5DC_DMM0022A","CSD88599Q5DC","FIT","See Value; generic low-voltage passives: R >=0.1 W / 50 V, C >=16 V X7R unless specified","","../DataSheets/CSD88599Q5DC.pdf",""
"Q501","CSD19531Q5A 100V","ShiroFOC_Footprints:CSD19531Q5A_Q5A_DQJ0008A","CSD19531Q5A","FIT","See Value; generic low-voltage passives: R >=0.1 W / 50 V, C >=16 V X7R unless specified","","../DataSheets/CSD19531Q5A.pdf",""
"R101","470k 0.25W","Resistor_SMD:R_1206_3216Metric","","FIT","See Value; generic low-voltage passives: R >=0.1 W / 50 V, C >=16 V X7R unless specified","Select to specification: 470k 0.25W; R_1206_3216Metric","",""
"R102","RC DAMP R - TUNE","Resistor_SMD:R_2512_6332Metric","","DNP","See Value; generic low-voltage passives: R >=0.1 W / 50 V, C >=16 V X7R unless specified","Select to specification: RC DAMP R - TUNE; R_2512_6332Metric","","DNP"
"R103","270k 0.1% 100V","Resistor_SMD:R_1206_3216Metric","","FIT","See Value; generic low-voltage passives: R >=0.1 W / 50 V, C >=16 V X7R unless specified","Select to specification: 270k 0.1% 100V; R_1206_3216Metric","",""
"R104","270k 0.1% 100V","Resistor_SMD:R_1206_3216Metric","","FIT","See Value; generic low-voltage passives: R >=0.1 W / 50 V, C >=16 V X7R unless specified","Select to specification: 270k 0.1% 100V; R_1206_3216Metric","",""
"R105","27k 0.1%","Resistor_SMD:R_0603_1608Metric","","FIT","See Value; generic low-voltage passives: R >=0.1 W / 50 V, C >=16 V X7R unless specified","Select to specification: 27k 0.1%; R_0603_1608Metric","",""
"R106","1k","Resistor_SMD:R_0603_1608Metric","","FIT","See Value; generic low-voltage passives: R >=0.1 W / 50 V, C >=16 V X7R unless specified","Select to specification: 1k; R_0603_1608Metric","",""
"R201","100k 1%","Resistor_SMD:R_0603_1608Metric","","FIT","See Value; generic low-voltage passives: R >=0.1 W / 50 V, C >=16 V X7R unless specified","Select to specification: 100k 1%; R_0603_1608Metric","",""
"R202","24.9k 1%","Resistor_SMD:R_0603_1608Metric","","FIT","See Value; generic low-voltage passives: R >=0.1 W / 50 V, C >=16 V X7R unless specified","Select to specification: 24.9k 1%; R_0603_1608Metric","",""
"R203","5.1k","Resistor_SMD:R_0603_1608Metric","","FIT","See Value; generic low-voltage passives: R >=0.1 W / 50 V, C >=16 V X7R unless specified","Select to specification: 5.1k; R_0603_1608Metric","",""
"R204","5.1k","Resistor_SMD:R_0603_1608Metric","","FIT","See Value; generic low-voltage passives: R >=0.1 W / 50 V, C >=16 V X7R unless specified","Select to specification: 5.1k; R_0603_1608Metric","",""
"R205","0R","Resistor_SMD:R_0603_1608Metric","","FIT","See Value; generic low-voltage passives: R >=0.1 W / 50 V, C >=16 V X7R unless specified","Select to specification: 0R; R_0603_1608Metric","",""
"R206","15.0k 1%","Resistor_SMD:R_0603_1608Metric","","FIT","See Value; generic low-voltage passives: R >=0.1 W / 50 V, C >=16 V X7R unless specified","Select to specification: 15.0k 1%; R_0603_1608Metric","",""
"R207","5.10k 1%","Resistor_SMD:R_0603_1608Metric","","FIT","See Value; generic low-voltage passives: R >=0.1 W / 50 V, C >=16 V X7R unless specified","Select to specification: 5.10k 1%; R_0603_1608Metric","",""
"R208","10.0k 1%","Resistor_SMD:R_0603_1608Metric","","FIT","See Value; generic low-voltage passives: R >=0.1 W / 50 V, C >=16 V X7R unless specified","Select to specification: 10.0k 1%; R_0603_1608Metric","",""
"R209","5.10k 1%","Resistor_SMD:R_0603_1608Metric","","FIT","See Value; generic low-voltage passives: R >=0.1 W / 50 V, C >=16 V X7R unless specified","Select to specification: 5.10k 1%; R_0603_1608Metric","",""
"R210","21.0k 1%","Resistor_SMD:R_0603_1608Metric","","FIT","See Value; generic low-voltage passives: R >=0.1 W / 50 V, C >=16 V X7R unless specified","Select to specification: 21.0k 1%; R_0603_1608Metric","",""
"R211","5.10k 1%","Resistor_SMD:R_0603_1608Metric","","FIT","See Value; generic low-voltage passives: R >=0.1 W / 50 V, C >=16 V X7R unless specified","Select to specification: 5.10k 1%; R_0603_1608Metric","",""
"R212","21.0k 1%","Resistor_SMD:R_0603_1608Metric","","FIT","See Value; generic low-voltage passives: R >=0.1 W / 50 V, C >=16 V X7R unless specified","Select to specification: 21.0k 1%; R_0603_1608Metric","",""
"R213","5.10k 1%","Resistor_SMD:R_0603_1608Metric","","FIT","See Value; generic low-voltage passives: R >=0.1 W / 50 V, C >=16 V X7R unless specified","Select to specification: 5.10k 1%; R_0603_1608Metric","",""
"R214","80.6k 1%","Resistor_SMD:R_0603_1608Metric","","FIT","See Value; generic low-voltage passives: R >=0.1 W / 50 V, C >=16 V X7R unless specified","Select to specification: 80.6k 1%; R_0603_1608Metric","",""
"R215","10k","Resistor_SMD:R_0603_1608Metric","","FIT","See Value; generic low-voltage passives: R >=0.1 W / 50 V, C >=16 V X7R unless specified","Select to specification: 10k; R_0603_1608Metric","",""
"R301","0R","Resistor_SMD:R_0603_1608Metric","","FIT","See Value; generic low-voltage passives: R >=0.1 W / 50 V, C >=16 V X7R unless specified","Select to specification: 0R; R_0603_1608Metric","",""
"R302","0R","Resistor_SMD:R_0603_1608Metric","","FIT","See Value; generic low-voltage passives: R >=0.1 W / 50 V, C >=16 V X7R unless specified","Select to specification: 0R; R_0603_1608Metric","",""
"R303","100k","Resistor_SMD:R_0603_1608Metric","","FIT","See Value; generic low-voltage passives: R >=0.1 W / 50 V, C >=16 V X7R unless specified","Select to specification: 100k; R_0603_1608Metric","",""
"R304","1k","Resistor_SMD:R_0603_1608Metric","","FIT","See Value; generic low-voltage passives: R >=0.1 W / 50 V, C >=16 V X7R unless specified","Select to specification: 1k; R_0603_1608Metric","",""
"R305","10k","Resistor_SMD:R_0603_1608Metric","","FIT","See Value; generic low-voltage passives: R >=0.1 W / 50 V, C >=16 V X7R unless specified","Select to specification: 10k; R_0603_1608Metric","",""
"R306","10k","Resistor_SMD:R_0603_1608Metric","","FIT","See Value; generic low-voltage passives: R >=0.1 W / 50 V, C >=16 V X7R unless specified","Select to specification: 10k; R_0603_1608Metric","",""
"R307","10k","Resistor_SMD:R_0603_1608Metric","","FIT","See Value; generic low-voltage passives: R >=0.1 W / 50 V, C >=16 V X7R unless specified","Select to specification: 10k; R_0603_1608Metric","",""
"R308","10k","Resistor_SMD:R_0603_1608Metric","","FIT","See Value; generic low-voltage passives: R >=0.1 W / 50 V, C >=16 V X7R unless specified","Select to specification: 10k; R_0603_1608Metric","",""
"R309","10k","Resistor_SMD:R_0603_1608Metric","","FIT","See Value; generic low-voltage passives: R >=0.1 W / 50 V, C >=16 V X7R unless specified","Select to specification: 10k; R_0603_1608Metric","",""
"R310","100k","Resistor_SMD:R_0603_1608Metric","","FIT","See Value; generic low-voltage passives: R >=0.1 W / 50 V, C >=16 V X7R unless specified","Select to specification: 100k; R_0603_1608Metric","",""
"R311","10k","Resistor_SMD:R_0603_1608Metric","","FIT","See Value; generic low-voltage passives: R >=0.1 W / 50 V, C >=16 V X7R unless specified","Select to specification: 10k; R_0603_1608Metric","",""
"R312","1k","Resistor_SMD:R_0603_1608Metric","","FIT","See Value; generic low-voltage passives: R >=0.1 W / 50 V, C >=16 V X7R unless specified","Select to specification: 1k; R_0603_1608Metric","",""
"R313","22R","Resistor_SMD:R_0603_1608Metric","","FIT","See Value; generic low-voltage passives: R >=0.1 W / 50 V, C >=16 V X7R unless specified","Select to specification: 22R; R_0603_1608Metric","",""
"R314","22R","Resistor_SMD:R_0603_1608Metric","","FIT","See Value; generic low-voltage passives: R >=0.1 W / 50 V, C >=16 V X7R unless specified","Select to specification: 22R; R_0603_1608Metric","",""
"R410","56k 0.1%","Resistor_SMD:R_0603_1608Metric","","FIT","See Value; generic low-voltage passives: R >=0.1 W / 50 V, C >=16 V X7R unless specified","Select to specification: 56k 0.1%; R_0603_1608Metric","",""
"R411","4.7R","Resistor_SMD:R_0603_1608Metric","","FIT","See Value; generic low-voltage passives: R >=0.1 W / 50 V, C >=16 V X7R unless specified","Select to specification: 4.7R; R_0603_1608Metric","",""
"R412","0R","Resistor_SMD:R_0603_1608Metric","","FIT","See Value; generic low-voltage passives: R >=0.1 W / 50 V, C >=16 V X7R unless specified","Select to specification: 0R; R_0603_1608Metric","",""
"R413","100k","Resistor_SMD:R_0603_1608Metric","","FIT","See Value; generic low-voltage passives: R >=0.1 W / 50 V, C >=16 V X7R unless specified","Select to specification: 100k; R_0603_1608Metric","",""
"R414","100k","Resistor_SMD:R_0603_1608Metric","","FIT","See Value; generic low-voltage passives: R >=0.1 W / 50 V, C >=16 V X7R unless specified","Select to specification: 100k; R_0603_1608Metric","",""
"R415","SNUBBER R TUNE","Resistor_SMD:R_2512_6332Metric","","DNP","See Value; generic low-voltage passives: R >=0.1 W / 50 V, C >=16 V X7R unless specified","Select to specification: SNUBBER R TUNE; R_2512_6332Metric","","DNP"
"R416","BVR-Z-R0005 0.5mR","Resistor_SMD:R_Shunt_Isabellenhuette_BVR4026","BVR-Z-R0005-1.0","FIT","See Value; generic low-voltage passives: R >=0.1 W / 50 V, C >=16 V X7R unless specified","","https://www.isabellenhuette.com/fileadmin/Daten/Praezisions_Power_Widerstaende/Datenblaetter/BVR-Z-R0005.pdf",""
"R417","1k 0.1%","Resistor_SMD:R_0603_1608Metric","","FIT","See Value; generic low-voltage passives: R >=0.1 W / 50 V, C >=16 V X7R unless specified","Select to specification: 1k 0.1%; R_0603_1608Metric","",""
"R418","1k 0.1%","Resistor_SMD:R_0603_1608Metric","","FIT","See Value; generic low-voltage passives: R >=0.1 W / 50 V, C >=16 V X7R unless specified","Select to specification: 1k 0.1%; R_0603_1608Metric","",""
"R419","28k 0.1%","Resistor_SMD:R_0603_1608Metric","","FIT","See Value; generic low-voltage passives: R >=0.1 W / 50 V, C >=16 V X7R unless specified","Select to specification: 28k 0.1%; R_0603_1608Metric","",""
"R420","56k 0.1%","Resistor_SMD:R_0603_1608Metric","","FIT","See Value; generic low-voltage passives: R >=0.1 W / 50 V, C >=16 V X7R unless specified","Select to specification: 56k 0.1%; R_0603_1608Metric","",""
"R421","4.7R","Resistor_SMD:R_0603_1608Metric","","FIT","See Value; generic low-voltage passives: R >=0.1 W / 50 V, C >=16 V X7R unless specified","Select to specification: 4.7R; R_0603_1608Metric","",""
"R422","0R","Resistor_SMD:R_0603_1608Metric","","FIT","See Value; generic low-voltage passives: R >=0.1 W / 50 V, C >=16 V X7R unless specified","Select to specification: 0R; R_0603_1608Metric","",""
"R423","100k","Resistor_SMD:R_0603_1608Metric","","FIT","See Value; generic low-voltage passives: R >=0.1 W / 50 V, C >=16 V X7R unless specified","Select to specification: 100k; R_0603_1608Metric","",""
"R424","100k","Resistor_SMD:R_0603_1608Metric","","FIT","See Value; generic low-voltage passives: R >=0.1 W / 50 V, C >=16 V X7R unless specified","Select to specification: 100k; R_0603_1608Metric","",""
"R425","SNUBBER R TUNE","Resistor_SMD:R_2512_6332Metric","","DNP","See Value; generic low-voltage passives: R >=0.1 W / 50 V, C >=16 V X7R unless specified","Select to specification: SNUBBER R TUNE; R_2512_6332Metric","","DNP"
"R426","BVR-Z-R0005 0.5mR","Resistor_SMD:R_Shunt_Isabellenhuette_BVR4026","BVR-Z-R0005-1.0","FIT","See Value; generic low-voltage passives: R >=0.1 W / 50 V, C >=16 V X7R unless specified","","https://www.isabellenhuette.com/fileadmin/Daten/Praezisions_Power_Widerstaende/Datenblaetter/BVR-Z-R0005.pdf",""
"R427","1k 0.1%","Resistor_SMD:R_0603_1608Metric","","FIT","See Value; generic low-voltage passives: R >=0.1 W / 50 V, C >=16 V X7R unless specified","Select to specification: 1k 0.1%; R_0603_1608Metric","",""
"R428","1k 0.1%","Resistor_SMD:R_0603_1608Metric","","FIT","See Value; generic low-voltage passives: R >=0.1 W / 50 V, C >=16 V X7R unless specified","Select to specification: 1k 0.1%; R_0603_1608Metric","",""
"R429","28k 0.1%","Resistor_SMD:R_0603_1608Metric","","FIT","See Value; generic low-voltage passives: R >=0.1 W / 50 V, C >=16 V X7R unless specified","Select to specification: 28k 0.1%; R_0603_1608Metric","",""
"R430","56k 0.1%","Resistor_SMD:R_0603_1608Metric","","FIT","See Value; generic low-voltage passives: R >=0.1 W / 50 V, C >=16 V X7R unless specified","Select to specification: 56k 0.1%; R_0603_1608Metric","",""
"R431","4.7R","Resistor_SMD:R_0603_1608Metric","","FIT","See Value; generic low-voltage passives: R >=0.1 W / 50 V, C >=16 V X7R unless specified","Select to specification: 4.7R; R_0603_1608Metric","",""
"R432","0R","Resistor_SMD:R_0603_1608Metric","","FIT","See Value; generic low-voltage passives: R >=0.1 W / 50 V, C >=16 V X7R unless specified","Select to specification: 0R; R_0603_1608Metric","",""
"R433","100k","Resistor_SMD:R_0603_1608Metric","","FIT","See Value; generic low-voltage passives: R >=0.1 W / 50 V, C >=16 V X7R unless specified","Select to specification: 100k; R_0603_1608Metric","",""
"R434","100k","Resistor_SMD:R_0603_1608Metric","","FIT","See Value; generic low-voltage passives: R >=0.1 W / 50 V, C >=16 V X7R unless specified","Select to specification: 100k; R_0603_1608Metric","",""
"R435","SNUBBER R TUNE","Resistor_SMD:R_2512_6332Metric","","DNP","See Value; generic low-voltage passives: R >=0.1 W / 50 V, C >=16 V X7R unless specified","Select to specification: SNUBBER R TUNE; R_2512_6332Metric","","DNP"
"R436","BVR-Z-R0005 0.5mR","Resistor_SMD:R_Shunt_Isabellenhuette_BVR4026","BVR-Z-R0005-1.0","FIT","See Value; generic low-voltage passives: R >=0.1 W / 50 V, C >=16 V X7R unless specified","","https://www.isabellenhuette.com/fileadmin/Daten/Praezisions_Power_Widerstaende/Datenblaetter/BVR-Z-R0005.pdf",""
"R437","1k 0.1%","Resistor_SMD:R_0603_1608Metric","","FIT","See Value; generic low-voltage passives: R >=0.1 W / 50 V, C >=16 V X7R unless specified","Select to specification: 1k 0.1%; R_0603_1608Metric","",""
"R438","1k 0.1%","Resistor_SMD:R_0603_1608Metric","","FIT","See Value; generic low-voltage passives: R >=0.1 W / 50 V, C >=16 V X7R unless specified","Select to specification: 1k 0.1%; R_0603_1608Metric","",""
"R439","28k 0.1%","Resistor_SMD:R_0603_1608Metric","","FIT","See Value; generic low-voltage passives: R >=0.1 W / 50 V, C >=16 V X7R unless specified","Select to specification: 28k 0.1%; R_0603_1608Metric","",""
"R441","56k 0.1%","Resistor_SMD:R_0603_1608Metric","","FIT","See Value; generic low-voltage passives: R >=0.1 W / 50 V, C >=16 V X7R unless specified","Select to specification: 56k 0.1%; R_0603_1608Metric","",""
"R442","56k 0.1%","Resistor_SMD:R_0603_1608Metric","","FIT","See Value; generic low-voltage passives: R >=0.1 W / 50 V, C >=16 V X7R unless specified","Select to specification: 56k 0.1%; R_0603_1608Metric","",""
"R443","56k 0.1%","Resistor_SMD:R_0603_1608Metric","","FIT","See Value; generic low-voltage passives: R >=0.1 W / 50 V, C >=16 V X7R unless specified","Select to specification: 56k 0.1%; R_0603_1608Metric","",""
"R501","10k","Resistor_SMD:R_0603_1608Metric","","FIT","See Value; generic low-voltage passives: R >=0.1 W / 50 V, C >=16 V X7R unless specified","Select to specification: 10k; R_0603_1608Metric","",""
"R502","33R","Resistor_SMD:R_0603_1608Metric","","FIT","See Value; generic low-voltage passives: R >=0.1 W / 50 V, C >=16 V X7R unless specified","Select to specification: 33R; R_0603_1608Metric","",""
"R503","4.7R","Resistor_SMD:R_0603_1608Metric","","FIT","See Value; generic low-voltage passives: R >=0.1 W / 50 V, C >=16 V X7R unless specified","Select to specification: 4.7R; R_0603_1608Metric","",""
"R504","10k","Resistor_SMD:R_0603_1608Metric","","FIT","See Value; generic low-voltage passives: R >=0.1 W / 50 V, C >=16 V X7R unless specified","Select to specification: 10k; R_0603_1608Metric","",""
"R505","10k","Resistor_SMD:R_0603_1608Metric","","FIT","See Value; generic low-voltage passives: R >=0.1 W / 50 V, C >=16 V X7R unless specified","Select to specification: 10k; R_0603_1608Metric","",""
"R506","150k 0.1% 100V","Resistor_SMD:R_1206_3216Metric","","FIT","See Value; generic low-voltage passives: R >=0.1 W / 50 V, C >=16 V X7R unless specified","Select to specification: 150k 0.1% 100V; R_1206_3216Metric","",""
"R507","150k 0.1% 100V","Resistor_SMD:R_1206_3216Metric","","FIT","See Value; generic low-voltage passives: R >=0.1 W / 50 V, C >=16 V X7R unless specified","Select to specification: 150k 0.1% 100V; R_1206_3216Metric","",""
"R508","150k 0.1% 100V","Resistor_SMD:R_1206_3216Metric","","FIT","See Value; generic low-voltage passives: R >=0.1 W / 50 V, C >=16 V X7R unless specified","Select to specification: 150k 0.1% 100V; R_1206_3216Metric","",""
"R509","12.7k 0.1%","Resistor_SMD:R_0603_1608Metric","","FIT","See Value; generic low-voltage passives: R >=0.1 W / 50 V, C >=16 V X7R unless specified","Select to specification: 12.7k 0.1%; R_0603_1608Metric","",""
"R510","1M 0.1%","Resistor_SMD:R_0603_1608Metric","","FIT","See Value; generic low-voltage passives: R >=0.1 W / 50 V, C >=16 V X7R unless specified","Select to specification: 1M 0.1%; R_0603_1608Metric","",""
"R601","33R","Resistor_SMD:R_0603_1608Metric","","FIT","See Value; generic low-voltage passives: R >=0.1 W / 50 V, C >=16 V X7R unless specified","Select to specification: 33R; R_0603_1608Metric","",""
"R602","33R","Resistor_SMD:R_0603_1608Metric","","FIT","See Value; generic low-voltage passives: R >=0.1 W / 50 V, C >=16 V X7R unless specified","Select to specification: 33R; R_0603_1608Metric","",""
"R603","33R","Resistor_SMD:R_0603_1608Metric","","FIT","See Value; generic low-voltage passives: R >=0.1 W / 50 V, C >=16 V X7R unless specified","Select to specification: 33R; R_0603_1608Metric","",""
"R604","0R; external load <=25mA","Resistor_SMD:R_0603_1608Metric","","FIT","See Value; generic low-voltage passives: R >=0.1 W / 50 V, C >=16 V X7R unless specified","Select to specification: 0R; external load <=25mA; R_0603_1608Metric","",""
"R605","100R","Resistor_SMD:R_0603_1608Metric","","FIT","See Value; generic low-voltage passives: R >=0.1 W / 50 V, C >=16 V X7R unless specified","Select to specification: 100R; R_0603_1608Metric","",""
"R606","100R","Resistor_SMD:R_0603_1608Metric","","FIT","See Value; generic low-voltage passives: R >=0.1 W / 50 V, C >=16 V X7R unless specified","Select to specification: 100R; R_0603_1608Metric","",""
"R607","100R","Resistor_SMD:R_0603_1608Metric","","FIT","See Value; generic low-voltage passives: R >=0.1 W / 50 V, C >=16 V X7R unless specified","Select to specification: 100R; R_0603_1608Metric","",""
"R608","10k DNP Hall pull-up","Resistor_SMD:R_0603_1608Metric","","DNP","See Value; generic low-voltage passives: R >=0.1 W / 50 V, C >=16 V X7R unless specified","Select to specification: 10k DNP Hall pull-up; R_0603_1608Metric","","DNP"
"R609","10k DNP Hall pull-up","Resistor_SMD:R_0603_1608Metric","","DNP","See Value; generic low-voltage passives: R >=0.1 W / 50 V, C >=16 V X7R unless specified","Select to specification: 10k DNP Hall pull-up; R_0603_1608Metric","","DNP"
"R610","10k DNP Hall pull-up","Resistor_SMD:R_0603_1608Metric","","DNP","See Value; generic low-voltage passives: R >=0.1 W / 50 V, C >=16 V X7R unless specified","Select to specification: 10k DNP Hall pull-up; R_0603_1608Metric","","DNP"
"R611","33R","Resistor_SMD:R_0603_1608Metric","","FIT","See Value; generic low-voltage passives: R >=0.1 W / 50 V, C >=16 V X7R unless specified","Select to specification: 33R; R_0603_1608Metric","",""
"R701","4.7k 1%","Resistor_SMD:R_0603_1608Metric","","FIT","See Value; generic low-voltage passives: R >=0.1 W / 50 V, C >=16 V X7R unless specified","Select to specification: 4.7k 1%; R_0603_1608Metric","",""
"R702","4.7k 1%","Resistor_SMD:R_0603_1608Metric","","FIT","See Value; generic low-voltage passives: R >=0.1 W / 50 V, C >=16 V X7R unless specified","Select to specification: 4.7k 1%; R_0603_1608Metric","",""
"R703","4.7k 1%","Resistor_SMD:R_0603_1608Metric","","FIT","See Value; generic low-voltage passives: R >=0.1 W / 50 V, C >=16 V X7R unless specified","Select to specification: 4.7k 1%; R_0603_1608Metric","",""
"R711","1k","Resistor_SMD:R_0603_1608Metric","","FIT","See Value; generic low-voltage passives: R >=0.1 W / 50 V, C >=16 V X7R unless specified","Select to specification: 1k; R_0603_1608Metric","",""
"R712","1k","Resistor_SMD:R_0603_1608Metric","","FIT","See Value; generic low-voltage passives: R >=0.1 W / 50 V, C >=16 V X7R unless specified","Select to specification: 1k; R_0603_1608Metric","",""
"R713","1k","Resistor_SMD:R_0603_1608Metric","","FIT","See Value; generic low-voltage passives: R >=0.1 W / 50 V, C >=16 V X7R unless specified","Select to specification: 1k; R_0603_1608Metric","",""
"R714","33R","Resistor_SMD:R_0603_1608Metric","","FIT","See Value; generic low-voltage passives: R >=0.1 W / 50 V, C >=16 V X7R unless specified","Select to specification: 33R; R_0603_1608Metric","",""
"R801","10k","Resistor_SMD:R_0603_1608Metric","","FIT","See Value; generic low-voltage passives: R >=0.1 W / 50 V, C >=16 V X7R unless specified","Select to specification: 10k; R_0603_1608Metric","",""
"R802","120R 1%","Resistor_SMD:R_0603_1608Metric","","DNP","See Value; generic low-voltage passives: R >=0.1 W / 50 V, C >=16 V X7R unless specified","Select to specification: 120R 1%; R_0603_1608Metric","","DNP"
"R803","0R CANH link","Resistor_SMD:R_0603_1608Metric","","FIT","See Value; generic low-voltage passives: R >=0.1 W / 50 V, C >=16 V X7R unless specified","Select to specification: 0R CANH link; R_0603_1608Metric","",""
"R804","0R CANL link","Resistor_SMD:R_0603_1608Metric","","FIT","See Value; generic low-voltage passives: R >=0.1 W / 50 V, C >=16 V X7R unless specified","Select to specification: 0R CANL link; R_0603_1608Metric","",""
"R805","10k","Resistor_SMD:R_0603_1608Metric","","FIT","See Value; generic low-voltage passives: R >=0.1 W / 50 V, C >=16 V X7R unless specified","Select to specification: 10k; R_0603_1608Metric","",""
"R901","1k","Resistor_SMD:R_0603_1608Metric","","FIT","See Value; generic low-voltage passives: R >=0.1 W / 50 V, C >=16 V X7R unless specified","Select to specification: 1k; R_0603_1608Metric","",""
"R902","100R","Resistor_SMD:R_0603_1608Metric","","FIT","See Value; generic low-voltage passives: R >=0.1 W / 50 V, C >=16 V X7R unless specified","Select to specification: 100R; R_0603_1608Metric","",""
"R903","100R","Resistor_SMD:R_0603_1608Metric","","FIT","See Value; generic low-voltage passives: R >=0.1 W / 50 V, C >=16 V X7R unless specified","Select to specification: 100R; R_0603_1608Metric","",""
"R904","22.1k 1%","Resistor_SMD:R_0603_1608Metric","","FIT","See Value; generic low-voltage passives: R >=0.1 W / 50 V, C >=16 V X7R unless specified","Select to specification: 22.1k 1%; R_0603_1608Metric","",""
"R905","47.5k 1%","Resistor_SMD:R_0603_1608Metric","","FIT","See Value; generic low-voltage passives: R >=0.1 W / 50 V, C >=16 V X7R unless specified","Select to specification: 47.5k 1%; R_0603_1608Metric","",""
"R1001","1k","Resistor_SMD:R_0603_1608Metric","","FIT","See Value; generic low-voltage passives: R >=0.1 W / 50 V, C >=16 V X7R unless specified","Select to specification: 1k; R_0603_1608Metric","",""
"SW301","RESET","Button_Switch_SMD:SW_SPST_TL3305A","","FIT","See Value; generic low-voltage passives: R >=0.1 W / 50 V, C >=16 V X7R unless specified","Select to specification: RESET; SW_SPST_TL3305A","",""
"SW1001","BOOT0","Button_Switch_SMD:SW_SPST_TL3305A","","FIT","See Value; generic low-voltage passives: R >=0.1 W / 50 V, C >=16 V X7R unless specified","Select to specification: BOOT0; SW_SPST_TL3305A","",""
"SW1002","RESET","Button_Switch_SMD:SW_SPST_TL3305A","","FIT","See Value; generic low-voltage passives: R >=0.1 W / 50 V, C >=16 V X7R unless specified","Select to specification: RESET; SW_SPST_TL3305A","",""
"TH701","10k NTC B3380","Resistor_SMD:R_0603_1608Metric","NCP18XH103F03RB","FIT","See Value; generic low-voltage passives: R >=0.1 W / 50 V, C >=16 V X7R unless specified","","",""
"TH702","10k NTC B3380","Resistor_SMD:R_0603_1608Metric","NCP18XH103F03RB","FIT","See Value; generic low-voltage passives: R >=0.1 W / 50 V, C >=16 V X7R unless specified","","",""
"TH703","10k NTC B3380","Resistor_SMD:R_0603_1608Metric","NCP18XH103F03RB","FIT","See Value; generic low-voltage passives: R >=0.1 W / 50 V, C >=16 V X7R unless specified","","",""
"TP101","VM","TestPoint:TestPoint_Pad_D1.5mm","PCB feature","FIT","See Value; generic low-voltage passives: R >=0.1 W / 50 V, C >=16 V X7R unless specified","","",""
"TP102","GND","TestPoint:TestPoint_Pad_D1.5mm","PCB feature","FIT","See Value; generic low-voltage passives: R >=0.1 W / 50 V, C >=16 V X7R unless specified","","",""
"TP103","VBUS_SENSE","TestPoint:TestPoint_Pad_D1.5mm","PCB feature","FIT","See Value; generic low-voltage passives: R >=0.1 W / 50 V, C >=16 V X7R unless specified","","",""
"TP201","5V_BAT","TestPoint:TestPoint_Pad_D1.5mm","PCB feature","FIT","See Value; generic low-voltage passives: R >=0.1 W / 50 V, C >=16 V X7R unless specified","","",""
"TP202","5V_USB","TestPoint:TestPoint_Pad_D1.5mm","PCB feature","FIT","See Value; generic low-voltage passives: R >=0.1 W / 50 V, C >=16 V X7R unless specified","","",""
"TP203","5V_SYS","TestPoint:TestPoint_Pad_D1.5mm","PCB feature","FIT","See Value; generic low-voltage passives: R >=0.1 W / 50 V, C >=16 V X7R unless specified","","",""
"TP204","3V3","TestPoint:TestPoint_Pad_D1.5mm","PCB feature","FIT","See Value; generic low-voltage passives: R >=0.1 W / 50 V, C >=16 V X7R unless specified","","",""
"TP301","VCC","TestPoint:TestPoint_Pad_D1.5mm","PCB feature","FIT","See Value; generic low-voltage passives: R >=0.1 W / 50 V, C >=16 V X7R unless specified","","",""
"TP302","SCREF","TestPoint:TestPoint_Pad_D1.5mm","PCB feature","FIT","See Value; generic low-voltage passives: R >=0.1 W / 50 V, C >=16 V X7R unless specified","","",""
"TP303","NRST","TestPoint:TestPoint_Pad_D1.5mm","PCB feature","FIT","See Value; generic low-voltage passives: R >=0.1 W / 50 V, C >=16 V X7R unless specified","","",""
"TP501","BRAKE_GATE","TestPoint:TestPoint_Pad_D1.5mm","PCB feature","FIT","See Value; generic low-voltage passives: R >=0.1 W / 50 V, C >=16 V X7R unless specified","","",""
"TP502","BRK_SW","TestPoint:TestPoint_Pad_D1.5mm","PCB feature","FIT","See Value; generic low-voltage passives: R >=0.1 W / 50 V, C >=16 V X7R unless specified","","",""
"TP701","NTC_A","TestPoint:TestPoint_Pad_D1.0mm","PCB feature","FIT","See Value; generic low-voltage passives: R >=0.1 W / 50 V, C >=16 V X7R unless specified","","",""
"TP702","NTC_B","TestPoint:TestPoint_Pad_D1.0mm","PCB feature","FIT","See Value; generic low-voltage passives: R >=0.1 W / 50 V, C >=16 V X7R unless specified","","",""
"TP703","NTC_C","TestPoint:TestPoint_Pad_D1.0mm","PCB feature","FIT","See Value; generic low-voltage passives: R >=0.1 W / 50 V, C >=16 V X7R unless specified","","",""
"TP901","USB_UART_TX","TestPoint:TestPoint_Pad_D1.0mm","PCB feature","FIT","See Value; generic low-voltage passives: R >=0.1 W / 50 V, C >=16 V X7R unless specified","","",""
"TP902","USB_UART_RX","TestPoint:TestPoint_Pad_D1.0mm","PCB feature","FIT","See Value; generic low-voltage passives: R >=0.1 W / 50 V, C >=16 V X7R unless specified","","",""
"TP903","GND","TestPoint:TestPoint_Pad_D1.0mm","PCB feature","FIT","See Value; generic low-voltage passives: R >=0.1 W / 50 V, C >=16 V X7R unless specified","","",""
"TP1001","VM","TestPoint:TestPoint_Pad_D1.0mm","PCB feature","FIT","See Value; generic low-voltage passives: R >=0.1 W / 50 V, C >=16 V X7R unless specified","","",""
"TP1002","VCC","TestPoint:TestPoint_Pad_D1.0mm","PCB feature","FIT","See Value; generic low-voltage passives: R >=0.1 W / 50 V, C >=16 V X7R unless specified","","",""
"TP1003","5V_BAT","TestPoint:TestPoint_Pad_D1.0mm","PCB feature","FIT","See Value; generic low-voltage passives: R >=0.1 W / 50 V, C >=16 V X7R unless specified","","",""
"TP1004","5V_USB","TestPoint:TestPoint_Pad_D1.0mm","PCB feature","FIT","See Value; generic low-voltage passives: R >=0.1 W / 50 V, C >=16 V X7R unless specified","","",""
"TP1005","5V_SYS","TestPoint:TestPoint_Pad_D1.0mm","PCB feature","FIT","See Value; generic low-voltage passives: R >=0.1 W / 50 V, C >=16 V X7R unless specified","","",""
"TP1006","3V3","TestPoint:TestPoint_Pad_D1.0mm","PCB feature","FIT","See Value; generic low-voltage passives: R >=0.1 W / 50 V, C >=16 V X7R unless specified","","",""
"TP1007","NRST","TestPoint:TestPoint_Pad_D1.0mm","PCB feature","FIT","See Value; generic low-voltage passives: R >=0.1 W / 50 V, C >=16 V X7R unless specified","","",""
"TP1008","SWDIO","TestPoint:TestPoint_Pad_D1.0mm","PCB feature","FIT","See Value; generic low-voltage passives: R >=0.1 W / 50 V, C >=16 V X7R unless specified","","",""
"TP1009","SWCLK","TestPoint:TestPoint_Pad_D1.0mm","PCB feature","FIT","See Value; generic low-voltage passives: R >=0.1 W / 50 V, C >=16 V X7R unless specified","","",""
"TP1010","SPI3_SCK","TestPoint:TestPoint_Pad_D1.0mm","PCB feature","FIT","See Value; generic low-voltage passives: R >=0.1 W / 50 V, C >=16 V X7R unless specified","","",""
"TP1011","SPI3_MISO","TestPoint:TestPoint_Pad_D1.0mm","PCB feature","FIT","See Value; generic low-voltage passives: R >=0.1 W / 50 V, C >=16 V X7R unless specified","","",""
"TP1012","SPI3_MOSI","TestPoint:TestPoint_Pad_D1.0mm","PCB feature","FIT","See Value; generic low-voltage passives: R >=0.1 W / 50 V, C >=16 V X7R unless specified","","",""
"TP1013","FDCAN1_TX","TestPoint:TestPoint_Pad_D1.0mm","PCB feature","FIT","See Value; generic low-voltage passives: R >=0.1 W / 50 V, C >=16 V X7R unless specified","","",""
"TP1014","FDCAN1_RX","TestPoint:TestPoint_Pad_D1.0mm","PCB feature","FIT","See Value; generic low-voltage passives: R >=0.1 W / 50 V, C >=16 V X7R unless specified","","",""
"TP1015","FEEDBACK_A_H1","TestPoint:TestPoint_Pad_D1.0mm","PCB feature","FIT","See Value; generic low-voltage passives: R >=0.1 W / 50 V, C >=16 V X7R unless specified","","",""
"TP1016","FEEDBACK_B_H2","TestPoint:TestPoint_Pad_D1.0mm","PCB feature","FIT","See Value; generic low-voltage passives: R >=0.1 W / 50 V, C >=16 V X7R unless specified","","",""
"TP1018","OPO_U1","TestPoint:TestPoint_Pad_D1.0mm","PCB feature","FIT","See Value; generic low-voltage passives: R >=0.1 W / 50 V, C >=16 V X7R unless specified","","",""
"TP1019","OPO_V1","TestPoint:TestPoint_Pad_D1.0mm","PCB feature","FIT","See Value; generic low-voltage passives: R >=0.1 W / 50 V, C >=16 V X7R unless specified","","",""
"TP1020","OPO_W1","TestPoint:TestPoint_Pad_D1.0mm","PCB feature","FIT","See Value; generic low-voltage passives: R >=0.1 W / 50 V, C >=16 V X7R unless specified","","",""
"TP1021","SPARE_GPIO_1","TestPoint:TestPoint_Pad_D1.0mm","PCB feature","FIT","See Value; generic low-voltage passives: R >=0.1 W / 50 V, C >=16 V X7R unless specified","","",""
"TP1022","CAN_STB","TestPoint:TestPoint_Pad_D1.0mm","PCB feature","FIT","See Value; generic low-voltage passives: R >=0.1 W / 50 V, C >=16 V X7R unless specified","","",""
"TP1023","SPARE_GPIO_3","TestPoint:TestPoint_Pad_D1.0mm","PCB feature","FIT","See Value; generic low-voltage passives: R >=0.1 W / 50 V, C >=16 V X7R unless specified","","",""
"TP1024","SPARE_TIM_GPIO","TestPoint:TestPoint_Pad_D1.0mm","PCB feature","FIT","See Value; generic low-voltage passives: R >=0.1 W / 50 V, C >=16 V X7R unless specified","","",""
"U201","LMR36510FADDAR","Package_SO:Texas_HTSOP-8-1EP_3.9x4.9mm_P1.27mm_EP2.95x4.9mm_Mask2.4x3.1mm_ThermalVias","LMR36510FADDAR","FIT","See Value; generic low-voltage passives: R >=0.1 W / 50 V, C >=16 V X7R unless specified","","https://www.ti.com/lit/ds/symlink/lmr36510.pdf",""
"U202","USBLC6-2SC6","Package_TO_SOT_SMD:SOT-23-6","USBLC6-2SC6","FIT","See Value; generic low-voltage passives: R >=0.1 W / 50 V, C >=16 V X7R unless specified","","https://www.st.com/resource/en/datasheet/usblc6-2.pdf",""
"U203","TPS2121RUXR","Package_DFN_QFN:Texas_VQFN-HR-12_2x2.5mm_P0.5mm_ThermalVias","TPS2121RUXR","FIT","See Value; generic low-voltage passives: R >=0.1 W / 50 V, C >=16 V X7R unless specified","","https://www.ti.com/lit/ds/symlink/tps2121.pdf",""
"U204","TLV75533PDYDR","ShiroFOC_Footprints:Texas_DYD0005A_SOT23-5","TLV75533PDYDR","FIT","See Value; generic low-voltage passives: R >=0.1 W / 50 V, C >=16 V X7R unless specified","","https://www.ti.com/lit/ds/symlink/tlv755p.pdf",""
"U301","STSPIN32G4","Package_DFN_QFN:QFN-64-1EP_9x9mm_P0.5mm_EP4.1x4.1mm_ThermalVias","STSPIN32G4","FIT","See Value; generic low-voltage passives: R >=0.1 W / 50 V, C >=16 V X7R unless specified","","../DataSheets/STSPIN32G4.pdf",""
"U501","UCC27517ADBVR","Package_TO_SOT_SMD:SOT-23-5","UCC27517ADBVR","FIT","See Value; generic low-voltage passives: R >=0.1 W / 50 V, C >=16 V X7R unless specified","","https://www.ti.com/lit/ds/symlink/ucc27517a.pdf",""
"U502","TLV3012BIDBVR","Package_TO_SOT_SMD:SOT-23-6","TLV3012BIDBVR","FIT","See Value; generic low-voltage passives: R >=0.1 W / 50 V, C >=16 V X7R unless specified","","https://www.ti.com/lit/ds/symlink/tlv3012.pdf",""
"U601","AS5047P-ATSM","Package_SO:TSSOP-14_4.4x5mm_P0.65mm","AS5047P-ATSM","FIT","See Value; generic low-voltage passives: R >=0.1 W / 50 V, C >=16 V X7R unless specified","","https://ams-osram.com/products/sensors/position-sensors/ams-as5047p-high-resolution-position-sensor",""
"U602","TMUX1574PW","Package_SO:TSSOP-16_4.4x5mm_P0.65mm","TMUX1574PW","FIT","See Value; generic low-voltage passives: R >=0.1 W / 50 V, C >=16 V X7R unless specified","","https://www.ti.com/lit/ds/symlink/tmux1574.pdf",""
"U701","BMI323","Package_LGA:Bosch_LGA-14_3x2.5mm_P0.5mm","BMI323","FIT","See Value; generic low-voltage passives: R >=0.1 W / 50 V, C >=16 V X7R unless specified","","https://www.bosch-sensortec.com/media/boschsensortec/downloads/datasheets/bst-bmi323-ds000.PDF",""
"U801","TCAN3413DR","Package_SO:SOIC-8_3.9x4.9mm_P1.27mm","TCAN3413DR","FIT","See Value; generic low-voltage passives: R >=0.1 W / 50 V, C >=16 V X7R unless specified","","https://www.ti.com/lit/ds/symlink/tcan3413.pdf",""
"U901","CP2102N-A02-GQFN20","Package_DFN_QFN:SiliconLabs_QFN-20-1EP_3x3mm_P0.5mm_EP1.8x1.8mm_ThermalVias","CP2102N-A02-GQFN20","FIT","See Value; generic low-voltage passives: R >=0.1 W / 50 V, C >=16 V X7R unless specified","","https://www.silabs.com/documents/public/data-sheets/cp2102n-datasheet.pdf",""
"Y301","24MHz 7pF","Crystal:Crystal_SMD_3225-4Pin_3.2x2.5mm","0132M4-24.000F07DTNLL","FIT","See Value; generic low-voltage passives: R >=0.1 W / 50 V, C >=16 V X7R unless specified","","",""
