References,Page / function,MPN,Value,Footprint,Footprint resolves,3D model paths,CAD status,Assembly,Datasheet
C214,/5 V / 3.3 V power/,,22uF / 25V,Capacitor_SMD:C_1210_3225Metric,True,,Standard KiCad footprint; capacitor effective-value qualification recorded in schematic,FIT,
C215,/5 V / 3.3 V power/,,22uF / 25V,Capacitor_SMD:C_1210_3225Metric,True,,Standard KiCad footprint; capacitor effective-value qualification recorded in schematic,FIT,
C218,/5 V / 3.3 V power/,,22uF / 16V,Capacitor_SMD:C_1210_3225Metric,True,,Standard KiCad footprint; capacitor effective-value qualification recorded in schematic,FIT,
C219,/5 V / 3.3 V power/,,22uF / 16V,Capacitor_SMD:C_1210_3225Metric,True,,Standard KiCad footprint; capacitor effective-value qualification recorded in schematic,FIT,
R216,/5 V / 3.3 V power/,,34.0k 0.1%,Resistor_SMD:R_0603_1608Metric,True,,Standard KiCad footprint; capacitor effective-value qualification recorded in schematic,FIT,
R217,/5 V / 3.3 V power/,,6.49k 0.1%,Resistor_SMD:R_0603_1608Metric,True,,Standard KiCad footprint; capacitor effective-value qualification recorded in schematic,FIT,
R218,/5 V / 3.3 V power/,,100k,Resistor_SMD:R_0603_1608Metric,True,,Standard KiCad footprint; capacitor effective-value qualification recorded in schematic,FIT,
R219,/5 V / 3.3 V power/,,100k,Resistor_SMD:R_0603_1608Metric,True,,Standard 0603 resistor,FIT,
U205,/5 V / 3.3 V power/,MPM3620AGQV-Z,MPM3620AGQV-Z,Manual:IC18_MPM3620AGQV-Z_MNP,True,${KIPRJMOD}/libs/3dmodels/MPM3606AGQV.step,"Imported UL footprint, corrected datasheet keepout/pin types; supplied family STEP dimension/alignment checked 2026-09-26",FIT,https://www.monolithicpower.com/en/documentview/productdocument/index/version/2/document_type/Datasheet/lang/en/sku/MPM3620AGQV-Z/document_id/2100/
